"asset_path"	"bytes"	"sha256"	"staging_source_path"	"staging_source_sha256"	"upstream_path"	"upstream_sha256"	"exact_match"	"upstream_repository"	"upstream_commit"	"upstream_declared_license_families"	"per_file_license_status"
"app/src/main/assets/sounds/animals/beehive.mp3"	"978816"	"97a42f09b8b4bf2bb2b6eceb7f1f67a7cde599d16252140102fcf4c3af41c6a8"	"public/sounds/animals/beehive.mp3"	"97a42f09b8b4bf2bb2b6eceb7f1f67a7cde599d16252140102fcf4c3af41c6a8"	"public/sounds/animals/beehive.mp3"	"97a42f09b8b4bf2bb2b6eceb7f1f67a7cde599d16252140102fcf4c3af41c6a8"	"true"	"https://github.com/remvze/moodist.git"	"983f7412e8cd054e76d156977c563da2028e4428"	"Pixabay Content License OR CC0 1.0"	"not-published-by-upstream"
"app/src/main/assets/sounds/animals/birds.mp3"	"2059536"	"f9b022ed2df9f727a8e84e614b25965112dfe2bbb30cdf8c3db0442ae1eed489"	"public/sounds/animals/birds.mp3"	"f9b022ed2df9f727a8e84e614b25965112dfe2bbb30cdf8c3db0442ae1eed489"	"public/sounds/animals/birds.mp3"	"f9b022ed2df9f727a8e84e614b25965112dfe2bbb30cdf8c3db0442ae1eed489"	"true"	"https://github.com/remvze/moodist.git"	"983f7412e8cd054e76d156977c563da2028e4428"	"Pixabay Content License OR CC0 1.0"	"not-published-by-upstream"
"app/src/main/assets/sounds/animals/cat-purring.mp3"	"450384"	"a779a2a3fe77b08722517e2e1a4f8ecbfb59a6282a74e46f0e9244d6cfdf230e"	"public/sounds/animals/cat-purring.mp3"	"a779a2a3fe77b08722517e2e1a4f8ecbfb59a6282a74e46f0e9244d6cfdf230e"	"public/sounds/animals/cat-purring.mp3"	"a779a2a3fe77b08722517e2e1a4f8ecbfb59a6282a74e46f0e9244d6cfdf230e"	"true"	"https://github.com/remvze/moodist.git"	"983f7412e8cd054e76d156977c563da2028e4428"	"Pixabay Content License OR CC0 1.0"	"not-published-by-upstream"
"app/src/main/assets/sounds/animals/chickens.mp3"	"5017248"	"c869f4c5e046d7fefca787363fbec4f466fbf2be5493954eca9ee11a67397d38"	"public/sounds/animals/chickens.mp3"	"c869f4c5e046d7fefca787363fbec4f466fbf2be5493954eca9ee11a67397d38"	"public/sounds/animals/chickens.mp3"	"c869f4c5e046d7fefca787363fbec4f466fbf2be5493954eca9ee11a67397d38"	"true"	"https://github.com/remvze/moodist.git"	"983f7412e8cd054e76d156977c563da2028e4428"	"Pixabay Content License OR CC0 1.0"	"not-published-by-upstream"
"app/src/main/assets/sounds/animals/cows.mp3"	"557928"	"a1675bfe879d428e9e0079c1ca40ab583774489c1b26894e3e0c25bd0f8516d8"	"public/sounds/animals/cows.mp3"	"a1675bfe879d428e9e0079c1ca40ab583774489c1b26894e3e0c25bd0f8516d8"	"public/sounds/animals/cows.mp3"	"a1675bfe879d428e9e0079c1ca40ab583774489c1b26894e3e0c25bd0f8516d8"	"true"	"https://github.com/remvze/moodist.git"	"983f7412e8cd054e76d156977c563da2028e4428"	"Pixabay Content License OR CC0 1.0"	"not-published-by-upstream"
"app/src/main/assets/sounds/animals/crickets.mp3"	"2841144"	"126bf1620193fa43a711d3cf6658a06f9fef5bd4eb42bf2ae48da0da1b73605c"	"public/sounds/animals/crickets.mp3"	"126bf1620193fa43a711d3cf6658a06f9fef5bd4eb42bf2ae48da0da1b73605c"	"public/sounds/animals/crickets.mp3"	"126bf1620193fa43a711d3cf6658a06f9fef5bd4eb42bf2ae48da0da1b73605c"	"true"	"https://github.com/remvze/moodist.git"	"983f7412e8cd054e76d156977c563da2028e4428"	"Pixabay Content License OR CC0 1.0"	"not-published-by-upstream"
"app/src/main/assets/sounds/animals/crows.mp3"	"775776"	"d39e6732f7713152f697de53053feffe10fc911aa6b7494e01bdca2731edabf1"	"public/sounds/animals/crows.mp3"	"d39e6732f7713152f697de53053feffe10fc911aa6b7494e01bdca2731edabf1"	"public/sounds/animals/crows.mp3"	"d39e6732f7713152f697de53053feffe10fc911aa6b7494e01bdca2731edabf1"	"true"	"https://github.com/remvze/moodist.git"	"983f7412e8cd054e76d156977c563da2028e4428"	"Pixabay Content License OR CC0 1.0"	"not-published-by-upstream"
"app/src/main/assets/sounds/animals/dog-barking.mp3"	"226488"	"470bd3edaf2e37f3f0c78f0779d773ae59466e4965494875f1c0f4de6bfe0604"	"public/sounds/animals/dog-barking.mp3"	"470bd3edaf2e37f3f0c78f0779d773ae59466e4965494875f1c0f4de6bfe0604"	"public/sounds/animals/dog-barking.mp3"	"470bd3edaf2e37f3f0c78f0779d773ae59466e4965494875f1c0f4de6bfe0604"	"true"	"https://github.com/remvze/moodist.git"	"983f7412e8cd054e76d156977c563da2028e4428"	"Pixabay Content License OR CC0 1.0"	"not-published-by-upstream"
"app/src/main/assets/sounds/animals/frog.mp3"	"1572960"	"c41fbbbfbe896a11fd19c0f8dc9185a000462239ff971625ac8eaedd05480b8c"	"public/sounds/animals/frog.mp3"	"c41fbbbfbe896a11fd19c0f8dc9185a000462239ff971625ac8eaedd05480b8c"	"public/sounds/animals/frog.mp3"	"c41fbbbfbe896a11fd19c0f8dc9185a000462239ff971625ac8eaedd05480b8c"	"true"	"https://github.com/remvze/moodist.git"	"983f7412e8cd054e76d156977c563da2028e4428"	"Pixabay Content License OR CC0 1.0"	"not-published-by-upstream"
"app/src/main/assets/sounds/animals/horse-gallop.mp3"	"169968"	"60d455c6d45732b21fdc3fdfc3c517a37d5f0248e3b7b3274939ab2177e633e6"	"public/sounds/animals/horse-gallop.mp3"	"60d455c6d45732b21fdc3fdfc3c517a37d5f0248e3b7b3274939ab2177e633e6"	"public/sounds/animals/horse-gallop.mp3"	"60d455c6d45732b21fdc3fdfc3c517a37d5f0248e3b7b3274939ab2177e633e6"	"true"	"https://github.com/remvze/moodist.git"	"983f7412e8cd054e76d156977c563da2028e4428"	"Pixabay Content License OR CC0 1.0"	"not-published-by-upstream"
"app/src/main/assets/sounds/animals/owl.mp3"	"97309"	"7fcd61d5953f564930220bc2579d6071068977f92c7bf5ed6117a57112c55a82"	"public/sounds/animals/owl.mp3"	"7fcd61d5953f564930220bc2579d6071068977f92c7bf5ed6117a57112c55a82"	"public/sounds/animals/owl.mp3"	"7fcd61d5953f564930220bc2579d6071068977f92c7bf5ed6117a57112c55a82"	"true"	"https://github.com/remvze/moodist.git"	"983f7412e8cd054e76d156977c563da2028e4428"	"Pixabay Content License OR CC0 1.0"	"not-published-by-upstream"
"app/src/main/assets/sounds/animals/seagulls.mp3"	"519900"	"ceae3d3a3c57e6c383c86e4a427b538379299133ba595e3b4f40e051886c13a8"	"public/sounds/animals/seagulls.mp3"	"ceae3d3a3c57e6c383c86e4a427b538379299133ba595e3b4f40e051886c13a8"	"public/sounds/animals/seagulls.mp3"	"ceae3d3a3c57e6c383c86e4a427b538379299133ba595e3b4f40e051886c13a8"	"true"	"https://github.com/remvze/moodist.git"	"983f7412e8cd054e76d156977c563da2028e4428"	"Pixabay Content License OR CC0 1.0"	"not-published-by-upstream"
"app/src/main/assets/sounds/animals/sheep.mp3"	"716640"	"e1f144b6cbbaf736c83372edbeee7aba65eba215e4789d0670eaa7dc6ad135fa"	"public/sounds/animals/sheep.mp3"	"e1f144b6cbbaf736c83372edbeee7aba65eba215e4789d0670eaa7dc6ad135fa"	"public/sounds/animals/sheep.mp3"	"e1f144b6cbbaf736c83372edbeee7aba65eba215e4789d0670eaa7dc6ad135fa"	"true"	"https://github.com/remvze/moodist.git"	"983f7412e8cd054e76d156977c563da2028e4428"	"Pixabay Content License OR CC0 1.0"	"not-published-by-upstream"
"app/src/main/assets/sounds/animals/whale.mp3"	"360552"	"e88047b74a6566e07994454d5d6c5ab5ca400485d61d0ee74a5218184187dc17"	"public/sounds/animals/whale.mp3"	"e88047b74a6566e07994454d5d6c5ab5ca400485d61d0ee74a5218184187dc17"	"public/sounds/animals/whale.mp3"	"e88047b74a6566e07994454d5d6c5ab5ca400485d61d0ee74a5218184187dc17"	"true"	"https://github.com/remvze/moodist.git"	"983f7412e8cd054e76d156977c563da2028e4428"	"Pixabay Content License OR CC0 1.0"	"not-published-by-upstream"
"app/src/main/assets/sounds/animals/wolf.mp3"	"587749"	"b87652f48a9e24bd47a0bcf18b3e8f61368521148bdb384c908677a460ae56c6"	"public/sounds/animals/wolf.mp3"	"b87652f48a9e24bd47a0bcf18b3e8f61368521148bdb384c908677a460ae56c6"	"public/sounds/animals/wolf.mp3"	"b87652f48a9e24bd47a0bcf18b3e8f61368521148bdb384c908677a460ae56c6"	"true"	"https://github.com/remvze/moodist.git"	"983f7412e8cd054e76d156977c563da2028e4428"	"Pixabay Content License OR CC0 1.0"	"not-published-by-upstream"
"app/src/main/assets/sounds/animals/woodpecker.mp3"	"167784"	"b2c66c84d6d9ef6d9cc6d064d2da7b9068f994d1e18080f6a62deaa786b18eaf"	"public/sounds/animals/woodpecker.mp3"	"b2c66c84d6d9ef6d9cc6d064d2da7b9068f994d1e18080f6a62deaa786b18eaf"	"public/sounds/animals/woodpecker.mp3"	"b2c66c84d6d9ef6d9cc6d064d2da7b9068f994d1e18080f6a62deaa786b18eaf"	"true"	"https://github.com/remvze/moodist.git"	"983f7412e8cd054e76d156977c563da2028e4428"	"Pixabay Content License OR CC0 1.0"	"not-published-by-upstream"
"app/src/main/assets/sounds/nature/campfire.mp3"	"3245619"	"9625b15c7f6a4a2d16db937f0e1042762421f9a3ab74f60235bd63654bba13db"	"public/sounds/nature/campfire.mp3"	"9625b15c7f6a4a2d16db937f0e1042762421f9a3ab74f60235bd63654bba13db"	"public/sounds/nature/campfire.mp3"	"9625b15c7f6a4a2d16db937f0e1042762421f9a3ab74f60235bd63654bba13db"	"true"	"https://github.com/remvze/moodist.git"	"983f7412e8cd054e76d156977c563da2028e4428"	"Pixabay Content License OR CC0 1.0"	"not-published-by-upstream"
"app/src/main/assets/sounds/nature/droplets.mp3"	"798168"	"d21f0af60663a03b477739a425ddc59be394ff60ddd1a877bff280b352a57d77"	"public/sounds/nature/droplets.mp3"	"d21f0af60663a03b477739a425ddc59be394ff60ddd1a877bff280b352a57d77"	"public/sounds/nature/droplets.mp3"	"d21f0af60663a03b477739a425ddc59be394ff60ddd1a877bff280b352a57d77"	"true"	"https://github.com/remvze/moodist.git"	"983f7412e8cd054e76d156977c563da2028e4428"	"Pixabay Content License OR CC0 1.0"	"not-published-by-upstream"
"app/src/main/assets/sounds/nature/howling-wind.mp3"	"522840"	"dd00c875c58c033d2f3b94e247d2b5a366ed529a659cc2d19e00dd84ad0e464d"	"public/sounds/nature/howling-wind.mp3"	"dd00c875c58c033d2f3b94e247d2b5a366ed529a659cc2d19e00dd84ad0e464d"	"public/sounds/nature/howling-wind.mp3"	"dd00c875c58c033d2f3b94e247d2b5a366ed529a659cc2d19e00dd84ad0e464d"	"true"	"https://github.com/remvze/moodist.git"	"983f7412e8cd054e76d156977c563da2028e4428"	"Pixabay Content License OR CC0 1.0"	"not-published-by-upstream"
"app/src/main/assets/sounds/nature/jungle.mp3"	"4077048"	"a0ac0b48a8e28d3dde17203e386a722afafe057d1b5d1fb5d13918175a440335"	"public/sounds/nature/jungle.mp3"	"a0ac0b48a8e28d3dde17203e386a722afafe057d1b5d1fb5d13918175a440335"	"public/sounds/nature/jungle.mp3"	"a0ac0b48a8e28d3dde17203e386a722afafe057d1b5d1fb5d13918175a440335"	"true"	"https://github.com/remvze/moodist.git"	"983f7412e8cd054e76d156977c563da2028e4428"	"Pixabay Content License OR CC0 1.0"	"not-published-by-upstream"
"app/src/main/assets/sounds/nature/river.mp3"	"3895214"	"b0360cd39425a23f7957a152ec61113226f423a9e2e08071d5f37200357e6289"	"public/sounds/nature/river.mp3"	"b0360cd39425a23f7957a152ec61113226f423a9e2e08071d5f37200357e6289"	"public/sounds/nature/river.mp3"	"b0360cd39425a23f7957a152ec61113226f423a9e2e08071d5f37200357e6289"	"true"	"https://github.com/remvze/moodist.git"	"983f7412e8cd054e76d156977c563da2028e4428"	"Pixabay Content License OR CC0 1.0"	"not-published-by-upstream"
"app/src/main/assets/sounds/nature/walk-in-snow.mp3"	"925248"	"11d89616a1fff14d3c8c57efd88d8d1f66189a2105b13b22b63d886e10e8308c"	"public/sounds/nature/walk-in-snow.mp3"	"11d89616a1fff14d3c8c57efd88d8d1f66189a2105b13b22b63d886e10e8308c"	"public/sounds/nature/walk-in-snow.mp3"	"11d89616a1fff14d3c8c57efd88d8d1f66189a2105b13b22b63d886e10e8308c"	"true"	"https://github.com/remvze/moodist.git"	"983f7412e8cd054e76d156977c563da2028e4428"	"Pixabay Content License OR CC0 1.0"	"not-published-by-upstream"
"app/src/main/assets/sounds/nature/walk-on-gravel.mp3"	"1148568"	"0029d593b2803f035912a4695b499df60d23333e2781f848b243a0b35f5dc16e"	"public/sounds/nature/walk-on-gravel.mp3"	"0029d593b2803f035912a4695b499df60d23333e2781f848b243a0b35f5dc16e"	"public/sounds/nature/walk-on-gravel.mp3"	"0029d593b2803f035912a4695b499df60d23333e2781f848b243a0b35f5dc16e"	"true"	"https://github.com/remvze/moodist.git"	"983f7412e8cd054e76d156977c563da2028e4428"	"Pixabay Content License OR CC0 1.0"	"not-published-by-upstream"
"app/src/main/assets/sounds/nature/walk-on-leaves.mp3"	"310632"	"a7f49dc2253c7ce58399865d518f947e377fcf6e78e0d53b270c3497d4021c52"	"public/sounds/nature/walk-on-leaves.mp3"	"a7f49dc2253c7ce58399865d518f947e377fcf6e78e0d53b270c3497d4021c52"	"public/sounds/nature/walk-on-leaves.mp3"	"a7f49dc2253c7ce58399865d518f947e377fcf6e78e0d53b270c3497d4021c52"	"true"	"https://github.com/remvze/moodist.git"	"983f7412e8cd054e76d156977c563da2028e4428"	"Pixabay Content License OR CC0 1.0"	"not-published-by-upstream"
"app/src/main/assets/sounds/nature/waterfall.mp3"	"551904"	"46d0848f5876d0f461e8439f812464742710f5f6d236baa977f382d794c60b0a"	"public/sounds/nature/waterfall.mp3"	"46d0848f5876d0f461e8439f812464742710f5f6d236baa977f382d794c60b0a"	"public/sounds/nature/waterfall.mp3"	"46d0848f5876d0f461e8439f812464742710f5f6d236baa977f382d794c60b0a"	"true"	"https://github.com/remvze/moodist.git"	"983f7412e8cd054e76d156977c563da2028e4428"	"Pixabay Content License OR CC0 1.0"	"not-published-by-upstream"
"app/src/main/assets/sounds/nature/waves.mp3"	"2347690"	"40c670e678b5ee19ff67a8c322490b1f7d2d53124cf9e8b07efd329138aaa8f8"	"public/sounds/nature/waves.mp3"	"40c670e678b5ee19ff67a8c322490b1f7d2d53124cf9e8b07efd329138aaa8f8"	"public/sounds/nature/waves.mp3"	"40c670e678b5ee19ff67a8c322490b1f7d2d53124cf9e8b07efd329138aaa8f8"	"true"	"https://github.com/remvze/moodist.git"	"983f7412e8cd054e76d156977c563da2028e4428"	"Pixabay Content License OR CC0 1.0"	"not-published-by-upstream"
"app/src/main/assets/sounds/nature/wind-in-trees.mp3"	"1294948"	"b29f775dda9789004aaceee392e124eaa35c0386d27f99b93a639185d98f6b4b"	"public/sounds/nature/wind-in-trees.mp3"	"b29f775dda9789004aaceee392e124eaa35c0386d27f99b93a639185d98f6b4b"	"public/sounds/nature/wind-in-trees.mp3"	"b29f775dda9789004aaceee392e124eaa35c0386d27f99b93a639185d98f6b4b"	"true"	"https://github.com/remvze/moodist.git"	"983f7412e8cd054e76d156977c563da2028e4428"	"Pixabay Content License OR CC0 1.0"	"not-published-by-upstream"
"app/src/main/assets/sounds/nature/wind.mp3"	"1606823"	"556ec1d90038aa92f754de84d58e8973693836b1e0358834536ca7824f40c973"	"public/sounds/nature/wind.mp3"	"556ec1d90038aa92f754de84d58e8973693836b1e0358834536ca7824f40c973"	"public/sounds/nature/wind.mp3"	"556ec1d90038aa92f754de84d58e8973693836b1e0358834536ca7824f40c973"	"true"	"https://github.com/remvze/moodist.git"	"983f7412e8cd054e76d156977c563da2028e4428"	"Pixabay Content License OR CC0 1.0"	"not-published-by-upstream"
"app/src/main/assets/sounds/noise/brown-noise.wav"	"913096"	"b7e4209f2bb4c2ca37e7cf0b21393e2264703d43bea36b4b5c837b8496bbe578"	"public/sounds/noise/brown-noise.wav"	"b7e4209f2bb4c2ca37e7cf0b21393e2264703d43bea36b4b5c837b8496bbe578"	"public/sounds/noise/brown-noise.wav"	"b7e4209f2bb4c2ca37e7cf0b21393e2264703d43bea36b4b5c837b8496bbe578"	"true"	"https://github.com/remvze/moodist.git"	"983f7412e8cd054e76d156977c563da2028e4428"	"Pixabay Content License OR CC0 1.0"	"not-published-by-upstream"
"app/src/main/assets/sounds/noise/pink-noise.wav"	"1676972"	"075eecefd60c4103da3ec8672db1c96ba54f073f8a5bc4e7cc1b587c96854fb4"	"public/sounds/noise/pink-noise.wav"	"075eecefd60c4103da3ec8672db1c96ba54f073f8a5bc4e7cc1b587c96854fb4"	"public/sounds/noise/pink-noise.wav"	"075eecefd60c4103da3ec8672db1c96ba54f073f8a5bc4e7cc1b587c96854fb4"	"true"	"https://github.com/remvze/moodist.git"	"983f7412e8cd054e76d156977c563da2028e4428"	"Pixabay Content License OR CC0 1.0"	"not-published-by-upstream"
"app/src/main/assets/sounds/noise/white-noise.wav"	"1676232"	"02ccb2013118b57c76607f7e3e5d9d479e5a9aaa7868e1a07194cde77c0ea6dd"	"public/sounds/noise/white-noise.wav"	"02ccb2013118b57c76607f7e3e5d9d479e5a9aaa7868e1a07194cde77c0ea6dd"	"public/sounds/noise/white-noise.wav"	"02ccb2013118b57c76607f7e3e5d9d479e5a9aaa7868e1a07194cde77c0ea6dd"	"true"	"https://github.com/remvze/moodist.git"	"983f7412e8cd054e76d156977c563da2028e4428"	"Pixabay Content License OR CC0 1.0"	"not-published-by-upstream"
"app/src/main/assets/sounds/places/airport.mp3"	"4501440"	"9bb9a5d0426c1d865ea9a66d06bc81d63ef40bb418b48bc3819850b95000c9c0"	"public/sounds/places/airport.mp3"	"9bb9a5d0426c1d865ea9a66d06bc81d63ef40bb418b48bc3819850b95000c9c0"	"public/sounds/places/airport.mp3"	"9bb9a5d0426c1d865ea9a66d06bc81d63ef40bb418b48bc3819850b95000c9c0"	"true"	"https://github.com/remvze/moodist.git"	"983f7412e8cd054e76d156977c563da2028e4428"	"Pixabay Content License OR CC0 1.0"	"not-published-by-upstream"
"app/src/main/assets/sounds/places/cafe.mp3"	"1776720"	"04b818f9e7c31d57c7f0d522bcf7d9f708c728f046d009953e4fbc18723a0300"	"public/sounds/places/cafe.mp3"	"04b818f9e7c31d57c7f0d522bcf7d9f708c728f046d009953e4fbc18723a0300"	"public/sounds/places/cafe.mp3"	"04b818f9e7c31d57c7f0d522bcf7d9f708c728f046d009953e4fbc18723a0300"	"true"	"https://github.com/remvze/moodist.git"	"983f7412e8cd054e76d156977c563da2028e4428"	"Pixabay Content License OR CC0 1.0"	"not-published-by-upstream"
"app/src/main/assets/sounds/places/carousel.mp3"	"2326344"	"cd1d17f381c10b3a9adb966e34786f150241c424cf279d2c98d0bba6df16e750"	"public/sounds/places/carousel.mp3"	"cd1d17f381c10b3a9adb966e34786f150241c424cf279d2c98d0bba6df16e750"	"public/sounds/places/carousel.mp3"	"cd1d17f381c10b3a9adb966e34786f150241c424cf279d2c98d0bba6df16e750"	"true"	"https://github.com/remvze/moodist.git"	"983f7412e8cd054e76d156977c563da2028e4428"	"Pixabay Content License OR CC0 1.0"	"not-published-by-upstream"
"app/src/main/assets/sounds/places/church.mp3"	"772224"	"c71217c3b55113b057ee1d82e57b173be184d68b1e3cf53b3fcc17b8792f69ec"	"public/sounds/places/church.mp3"	"c71217c3b55113b057ee1d82e57b173be184d68b1e3cf53b3fcc17b8792f69ec"	"public/sounds/places/church.mp3"	"c71217c3b55113b057ee1d82e57b173be184d68b1e3cf53b3fcc17b8792f69ec"	"true"	"https://github.com/remvze/moodist.git"	"983f7412e8cd054e76d156977c563da2028e4428"	"Pixabay Content License OR CC0 1.0"	"not-published-by-upstream"
"app/src/main/assets/sounds/places/construction-site.mp3"	"1571208"	"51309aadc58e78d0fdba194cfbeb7dfe84fbfba430899e5df4d8b884aadf18eb"	"public/sounds/places/construction-site.mp3"	"51309aadc58e78d0fdba194cfbeb7dfe84fbfba430899e5df4d8b884aadf18eb"	"public/sounds/places/construction-site.mp3"	"51309aadc58e78d0fdba194cfbeb7dfe84fbfba430899e5df4d8b884aadf18eb"	"true"	"https://github.com/remvze/moodist.git"	"983f7412e8cd054e76d156977c563da2028e4428"	"Pixabay Content License OR CC0 1.0"	"not-published-by-upstream"
"app/src/main/assets/sounds/places/crowded-bar.mp3"	"855192"	"3afbd498ed30d84b5050878ed1656eebb378e69b4d9c62b15615a42ffb8fd5ab"	"public/sounds/places/crowded-bar.mp3"	"3afbd498ed30d84b5050878ed1656eebb378e69b4d9c62b15615a42ffb8fd5ab"	"public/sounds/places/crowded-bar.mp3"	"3afbd498ed30d84b5050878ed1656eebb378e69b4d9c62b15615a42ffb8fd5ab"	"true"	"https://github.com/remvze/moodist.git"	"983f7412e8cd054e76d156977c563da2028e4428"	"Pixabay Content License OR CC0 1.0"	"not-published-by-upstream"
"app/src/main/assets/sounds/places/laboratory.mp3"	"384384"	"bc07a653b11b7bd43959124aa5d946613735f2ad130856b43535b305a3ff09af"	"public/sounds/places/laboratory.mp3"	"bc07a653b11b7bd43959124aa5d946613735f2ad130856b43535b305a3ff09af"	"public/sounds/places/laboratory.mp3"	"bc07a653b11b7bd43959124aa5d946613735f2ad130856b43535b305a3ff09af"	"true"	"https://github.com/remvze/moodist.git"	"983f7412e8cd054e76d156977c563da2028e4428"	"Pixabay Content License OR CC0 1.0"	"not-published-by-upstream"
"app/src/main/assets/sounds/places/laundry-room.mp3"	"737186"	"b24f418d7d1b931312944f2383fcca0f56fe5c397b8e8571cc3ab1b27f701da4"	"public/sounds/places/laundry-room.mp3"	"b24f418d7d1b931312944f2383fcca0f56fe5c397b8e8571cc3ab1b27f701da4"	"public/sounds/places/laundry-room.mp3"	"b24f418d7d1b931312944f2383fcca0f56fe5c397b8e8571cc3ab1b27f701da4"	"true"	"https://github.com/remvze/moodist.git"	"983f7412e8cd054e76d156977c563da2028e4428"	"Pixabay Content License OR CC0 1.0"	"not-published-by-upstream"
"app/src/main/assets/sounds/places/library.mp3"	"3825455"	"95095ef77ed7f1d1c2550b6f39d95cde31f72b37d8023c1dfd7c22931d84fe05"	"public/sounds/places/library.mp3"	"95095ef77ed7f1d1c2550b6f39d95cde31f72b37d8023c1dfd7c22931d84fe05"	"public/sounds/places/library.mp3"	"95095ef77ed7f1d1c2550b6f39d95cde31f72b37d8023c1dfd7c22931d84fe05"	"true"	"https://github.com/remvze/moodist.git"	"983f7412e8cd054e76d156977c563da2028e4428"	"Pixabay Content License OR CC0 1.0"	"not-published-by-upstream"
"app/src/main/assets/sounds/places/night-village.mp3"	"2282322"	"9f012d72f5923208c223065d727a01afecc7d3253064c2e868dc658c33369f8a"	"public/sounds/places/night-village.mp3"	"9f012d72f5923208c223065d727a01afecc7d3253064c2e868dc658c33369f8a"	"public/sounds/places/night-village.mp3"	"9f012d72f5923208c223065d727a01afecc7d3253064c2e868dc658c33369f8a"	"true"	"https://github.com/remvze/moodist.git"	"983f7412e8cd054e76d156977c563da2028e4428"	"Pixabay Content License OR CC0 1.0"	"not-published-by-upstream"
"app/src/main/assets/sounds/places/office.mp3"	"1965408"	"32691ad3d1f0cd6175a4e648ad15c5fd354ad0e59a3ce0b246fd7cf89d9a4169"	"public/sounds/places/office.mp3"	"32691ad3d1f0cd6175a4e648ad15c5fd354ad0e59a3ce0b246fd7cf89d9a4169"	"public/sounds/places/office.mp3"	"32691ad3d1f0cd6175a4e648ad15c5fd354ad0e59a3ce0b246fd7cf89d9a4169"	"true"	"https://github.com/remvze/moodist.git"	"983f7412e8cd054e76d156977c563da2028e4428"	"Pixabay Content License OR CC0 1.0"	"not-published-by-upstream"
"app/src/main/assets/sounds/places/restaurant.mp3"	"3552736"	"e4e7c25aa81c25bcae0ef010b3fecbdf08371b8af675ecd29972d7a561ddecaa"	"public/sounds/places/restaurant.mp3"	"e4e7c25aa81c25bcae0ef010b3fecbdf08371b8af675ecd29972d7a561ddecaa"	"public/sounds/places/restaurant.mp3"	"e4e7c25aa81c25bcae0ef010b3fecbdf08371b8af675ecd29972d7a561ddecaa"	"true"	"https://github.com/remvze/moodist.git"	"983f7412e8cd054e76d156977c563da2028e4428"	"Pixabay Content License OR CC0 1.0"	"not-published-by-upstream"
"app/src/main/assets/sounds/places/subway-station.mp3"	"2243112"	"4b749d4c6d9f9a9b09744325bc358eca80440ba98debdd1ca69a8fcc3cc6dade"	"public/sounds/places/subway-station.mp3"	"4b749d4c6d9f9a9b09744325bc358eca80440ba98debdd1ca69a8fcc3cc6dade"	"public/sounds/places/subway-station.mp3"	"4b749d4c6d9f9a9b09744325bc358eca80440ba98debdd1ca69a8fcc3cc6dade"	"true"	"https://github.com/remvze/moodist.git"	"983f7412e8cd054e76d156977c563da2028e4428"	"Pixabay Content License OR CC0 1.0"	"not-published-by-upstream"
"app/src/main/assets/sounds/places/supermarket.mp3"	"2315472"	"a33a739ef44a4794d5c0b58b93057312f85d628eac19e45fcb57c70a420f8b66"	"public/sounds/places/supermarket.mp3"	"a33a739ef44a4794d5c0b58b93057312f85d628eac19e45fcb57c70a420f8b66"	"public/sounds/places/supermarket.mp3"	"a33a739ef44a4794d5c0b58b93057312f85d628eac19e45fcb57c70a420f8b66"	"true"	"https://github.com/remvze/moodist.git"	"983f7412e8cd054e76d156977c563da2028e4428"	"Pixabay Content License OR CC0 1.0"	"not-published-by-upstream"
"app/src/main/assets/sounds/places/temple.mp3"	"1558056"	"680ffbb188ac4068ab775d9da505b0dc6a1fac2e424b9f1ed6d857574f36c44c"	"public/sounds/places/temple.mp3"	"680ffbb188ac4068ab775d9da505b0dc6a1fac2e424b9f1ed6d857574f36c44c"	"public/sounds/places/temple.mp3"	"680ffbb188ac4068ab775d9da505b0dc6a1fac2e424b9f1ed6d857574f36c44c"	"true"	"https://github.com/remvze/moodist.git"	"983f7412e8cd054e76d156977c563da2028e4428"	"Pixabay Content License OR CC0 1.0"	"not-published-by-upstream"
"app/src/main/assets/sounds/places/underwater.mp3"	"526008"	"addd91f799f3b77d8032c32745a0c039804502eb1c65039790dae66428e27164"	"public/sounds/places/underwater.mp3"	"addd91f799f3b77d8032c32745a0c039804502eb1c65039790dae66428e27164"	"public/sounds/places/underwater.mp3"	"addd91f799f3b77d8032c32745a0c039804502eb1c65039790dae66428e27164"	"true"	"https://github.com/remvze/moodist.git"	"983f7412e8cd054e76d156977c563da2028e4428"	"Pixabay Content License OR CC0 1.0"	"not-published-by-upstream"
"app/src/main/assets/sounds/rain/heavy-rain.mp3"	"541741"	"6910161b347a4f616bc42d0b3118982c243d149fe45e55fef74c9a9e1aa08560"	"public/sounds/rain/heavy-rain.mp3"	"6910161b347a4f616bc42d0b3118982c243d149fe45e55fef74c9a9e1aa08560"	"public/sounds/rain/heavy-rain.mp3"	"6910161b347a4f616bc42d0b3118982c243d149fe45e55fef74c9a9e1aa08560"	"true"	"https://github.com/remvze/moodist.git"	"983f7412e8cd054e76d156977c563da2028e4428"	"Pixabay Content License OR CC0 1.0"	"not-published-by-upstream"
"app/src/main/assets/sounds/rain/light-rain.mp3"	"3775087"	"967eab5ddc2b84808a05fea757460d51461e9dc56e72a3d1490bbb58e7bc6578"	"public/sounds/rain/light-rain.mp3"	"967eab5ddc2b84808a05fea757460d51461e9dc56e72a3d1490bbb58e7bc6578"	"public/sounds/rain/light-rain.mp3"	"967eab5ddc2b84808a05fea757460d51461e9dc56e72a3d1490bbb58e7bc6578"	"true"	"https://github.com/remvze/moodist.git"	"983f7412e8cd054e76d156977c563da2028e4428"	"Pixabay Content License OR CC0 1.0"	"not-published-by-upstream"
"app/src/main/assets/sounds/rain/rain-on-car-roof.mp3"	"245005"	"5e16d3e97c97a3a130d13a1300d5ccdd3ed8b7788dc9f76262ead0e4eb8a07d7"	"public/sounds/rain/rain-on-car-roof.mp3"	"5e16d3e97c97a3a130d13a1300d5ccdd3ed8b7788dc9f76262ead0e4eb8a07d7"	"public/sounds/rain/rain-on-car-roof.mp3"	"5e16d3e97c97a3a130d13a1300d5ccdd3ed8b7788dc9f76262ead0e4eb8a07d7"	"true"	"https://github.com/remvze/moodist.git"	"983f7412e8cd054e76d156977c563da2028e4428"	"Pixabay Content License OR CC0 1.0"	"not-published-by-upstream"
"app/src/main/assets/sounds/rain/rain-on-leaves.mp3"	"697080"	"66669f1e4f90b94016cd3287f7c3b18fd5b76dff7939617b3ba5ec7c92b587ac"	"public/sounds/rain/rain-on-leaves.mp3"	"66669f1e4f90b94016cd3287f7c3b18fd5b76dff7939617b3ba5ec7c92b587ac"	"public/sounds/rain/rain-on-leaves.mp3"	"66669f1e4f90b94016cd3287f7c3b18fd5b76dff7939617b3ba5ec7c92b587ac"	"true"	"https://github.com/remvze/moodist.git"	"983f7412e8cd054e76d156977c563da2028e4428"	"Pixabay Content License OR CC0 1.0"	"not-published-by-upstream"
"app/src/main/assets/sounds/rain/rain-on-tent.mp3"	"1494072"	"427d0a06042c5154345ed95de49b2aebf465716766f64891e49f87c3e7cde787"	"public/sounds/rain/rain-on-tent.mp3"	"427d0a06042c5154345ed95de49b2aebf465716766f64891e49f87c3e7cde787"	"public/sounds/rain/rain-on-tent.mp3"	"427d0a06042c5154345ed95de49b2aebf465716766f64891e49f87c3e7cde787"	"true"	"https://github.com/remvze/moodist.git"	"983f7412e8cd054e76d156977c563da2028e4428"	"Pixabay Content License OR CC0 1.0"	"not-published-by-upstream"
"app/src/main/assets/sounds/rain/rain-on-umbrella.mp3"	"1040122"	"f31a565bdf853fbf6baba8495fdfed91f161c55756540819ee13dbbca98ab8c0"	"public/sounds/rain/rain-on-umbrella.mp3"	"f31a565bdf853fbf6baba8495fdfed91f161c55756540819ee13dbbca98ab8c0"	"public/sounds/rain/rain-on-umbrella.mp3"	"f31a565bdf853fbf6baba8495fdfed91f161c55756540819ee13dbbca98ab8c0"	"true"	"https://github.com/remvze/moodist.git"	"983f7412e8cd054e76d156977c563da2028e4428"	"Pixabay Content License OR CC0 1.0"	"not-published-by-upstream"
"app/src/main/assets/sounds/rain/rain-on-window.mp3"	"838145"	"781add053a83a0a9ac2a6ee2ccc937fed24872d479830c0c98cd70ed03689fe9"	"public/sounds/rain/rain-on-window.mp3"	"781add053a83a0a9ac2a6ee2ccc937fed24872d479830c0c98cd70ed03689fe9"	"public/sounds/rain/rain-on-window.mp3"	"781add053a83a0a9ac2a6ee2ccc937fed24872d479830c0c98cd70ed03689fe9"	"true"	"https://github.com/remvze/moodist.git"	"983f7412e8cd054e76d156977c563da2028e4428"	"Pixabay Content License OR CC0 1.0"	"not-published-by-upstream"
"app/src/main/assets/sounds/rain/thunder.mp3"	"2193449"	"c96dde1068d5c96a40ad47cccc767a88d907b3d3fdcb84819e18b81dcd6bd2bd"	"public/sounds/rain/thunder.mp3"	"c96dde1068d5c96a40ad47cccc767a88d907b3d3fdcb84819e18b81dcd6bd2bd"	"public/sounds/rain/thunder.mp3"	"c96dde1068d5c96a40ad47cccc767a88d907b3d3fdcb84819e18b81dcd6bd2bd"	"true"	"https://github.com/remvze/moodist.git"	"983f7412e8cd054e76d156977c563da2028e4428"	"Pixabay Content License OR CC0 1.0"	"not-published-by-upstream"
"app/src/main/assets/sounds/things/boiling-water.mp3"	"526603"	"9c2e35cbd002c0b13aa82301781878654c6fe651325de8be971721ccb95128a1"	"public/sounds/things/boiling-water.mp3"	"9c2e35cbd002c0b13aa82301781878654c6fe651325de8be971721ccb95128a1"	"public/sounds/things/boiling-water.mp3"	"9c2e35cbd002c0b13aa82301781878654c6fe651325de8be971721ccb95128a1"	"true"	"https://github.com/remvze/moodist.git"	"983f7412e8cd054e76d156977c563da2028e4428"	"Pixabay Content License OR CC0 1.0"	"not-published-by-upstream"
"app/src/main/assets/sounds/things/bubbles.mp3"	"102912"	"96f743156f8f9402f1fa7341415d3d9a4bc09316fe94e27c07ce45d211a18c5b"	"public/sounds/things/bubbles.mp3"	"96f743156f8f9402f1fa7341415d3d9a4bc09316fe94e27c07ce45d211a18c5b"	"public/sounds/things/bubbles.mp3"	"96f743156f8f9402f1fa7341415d3d9a4bc09316fe94e27c07ce45d211a18c5b"	"true"	"https://github.com/remvze/moodist.git"	"983f7412e8cd054e76d156977c563da2028e4428"	"Pixabay Content License OR CC0 1.0"	"not-published-by-upstream"
"app/src/main/assets/sounds/things/ceiling-fan.mp3"	"179273"	"c2c009912df561236cc3ca2fb428384ae63f5f869d5178b0a62aabe856df86fb"	"public/sounds/things/ceiling-fan.mp3"	"c2c009912df561236cc3ca2fb428384ae63f5f869d5178b0a62aabe856df86fb"	"public/sounds/things/ceiling-fan.mp3"	"c2c009912df561236cc3ca2fb428384ae63f5f869d5178b0a62aabe856df86fb"	"true"	"https://github.com/remvze/moodist.git"	"983f7412e8cd054e76d156977c563da2028e4428"	"Pixabay Content License OR CC0 1.0"	"not-published-by-upstream"
"app/src/main/assets/sounds/things/clock.mp3"	"90674"	"45283d30ccc1ccebab2ddb84dbaaaedf5265275c33cb7c4c8defce9451059160"	"public/sounds/things/clock.mp3"	"45283d30ccc1ccebab2ddb84dbaaaedf5265275c33cb7c4c8defce9451059160"	"public/sounds/things/clock.mp3"	"45283d30ccc1ccebab2ddb84dbaaaedf5265275c33cb7c4c8defce9451059160"	"true"	"https://github.com/remvze/moodist.git"	"983f7412e8cd054e76d156977c563da2028e4428"	"Pixabay Content License OR CC0 1.0"	"not-published-by-upstream"
"app/src/main/assets/sounds/things/dryer.mp3"	"136692"	"6d666dd1936172ac237915f5dc035d242deddd8ff1a78a765073eda18f8e3e2f"	"public/sounds/things/dryer.mp3"	"6d666dd1936172ac237915f5dc035d242deddd8ff1a78a765073eda18f8e3e2f"	"public/sounds/things/dryer.mp3"	"6d666dd1936172ac237915f5dc035d242deddd8ff1a78a765073eda18f8e3e2f"	"true"	"https://github.com/remvze/moodist.git"	"983f7412e8cd054e76d156977c563da2028e4428"	"Pixabay Content License OR CC0 1.0"	"not-published-by-upstream"
"app/src/main/assets/sounds/things/keyboard.mp3"	"388702"	"2499954ba838ce1b32b79560a2ab273209ae350bb9988490738ed2e2b23f82ae"	"public/sounds/things/keyboard.mp3"	"2499954ba838ce1b32b79560a2ab273209ae350bb9988490738ed2e2b23f82ae"	"public/sounds/things/keyboard.mp3"	"2499954ba838ce1b32b79560a2ab273209ae350bb9988490738ed2e2b23f82ae"	"true"	"https://github.com/remvze/moodist.git"	"983f7412e8cd054e76d156977c563da2028e4428"	"Pixabay Content License OR CC0 1.0"	"not-published-by-upstream"
"app/src/main/assets/sounds/things/morse-code.mp3"	"228312"	"a00a81bbbcafdcdb2196054941827ecf9d2075ff7459f5794e6b6acabc979b10"	"public/sounds/things/morse-code.mp3"	"a00a81bbbcafdcdb2196054941827ecf9d2075ff7459f5794e6b6acabc979b10"	"public/sounds/things/morse-code.mp3"	"a00a81bbbcafdcdb2196054941827ecf9d2075ff7459f5794e6b6acabc979b10"	"true"	"https://github.com/remvze/moodist.git"	"983f7412e8cd054e76d156977c563da2028e4428"	"Pixabay Content License OR CC0 1.0"	"not-published-by-upstream"
"app/src/main/assets/sounds/things/paper.mp3"	"156480"	"6aecf96cbcb2403188c010bcdae37de74b604c494dda3097b5cc0a206f686741"	"public/sounds/things/paper.mp3"	"6aecf96cbcb2403188c010bcdae37de74b604c494dda3097b5cc0a206f686741"	"public/sounds/things/paper.mp3"	"6aecf96cbcb2403188c010bcdae37de74b604c494dda3097b5cc0a206f686741"	"true"	"https://github.com/remvze/moodist.git"	"983f7412e8cd054e76d156977c563da2028e4428"	"Pixabay Content License OR CC0 1.0"	"not-published-by-upstream"
"app/src/main/assets/sounds/things/singing-bowl.mp3"	"431808"	"9b86534b01679a113a26da201f6160d604c9408ddd6effb00e38c5be78f0192e"	"public/sounds/things/singing-bowl.mp3"	"9b86534b01679a113a26da201f6160d604c9408ddd6effb00e38c5be78f0192e"	"public/sounds/things/singing-bowl.mp3"	"9b86534b01679a113a26da201f6160d604c9408ddd6effb00e38c5be78f0192e"	"true"	"https://github.com/remvze/moodist.git"	"983f7412e8cd054e76d156977c563da2028e4428"	"Pixabay Content License OR CC0 1.0"	"not-published-by-upstream"
"app/src/main/assets/sounds/things/slide-projector.mp3"	"1888392"	"f87b98c4d5f1d5979679a870928700baa03c78a52785eaa25941373c16f0f5f2"	"public/sounds/things/slide-projector.mp3"	"f87b98c4d5f1d5979679a870928700baa03c78a52785eaa25941373c16f0f5f2"	"public/sounds/things/slide-projector.mp3"	"f87b98c4d5f1d5979679a870928700baa03c78a52785eaa25941373c16f0f5f2"	"true"	"https://github.com/remvze/moodist.git"	"983f7412e8cd054e76d156977c563da2028e4428"	"Pixabay Content License OR CC0 1.0"	"not-published-by-upstream"
"app/src/main/assets/sounds/things/tuning-radio.mp3"	"769551"	"2ed7619d3a98c5298728a7e3fc60971cadf0a573b7f1ce46d11a8d69e53becd6"	"public/sounds/things/tuning-radio.mp3"	"2ed7619d3a98c5298728a7e3fc60971cadf0a573b7f1ce46d11a8d69e53becd6"	"public/sounds/things/tuning-radio.mp3"	"2ed7619d3a98c5298728a7e3fc60971cadf0a573b7f1ce46d11a8d69e53becd6"	"true"	"https://github.com/remvze/moodist.git"	"983f7412e8cd054e76d156977c563da2028e4428"	"Pixabay Content License OR CC0 1.0"	"not-published-by-upstream"
"app/src/main/assets/sounds/things/typewriter.mp3"	"341160"	"0d56f3a9482e7edad9a6e58130d733883c89f36f51e1c8dd9fde7a3b5cf276b8"	"public/sounds/things/typewriter.mp3"	"0d56f3a9482e7edad9a6e58130d733883c89f36f51e1c8dd9fde7a3b5cf276b8"	"public/sounds/things/typewriter.mp3"	"0d56f3a9482e7edad9a6e58130d733883c89f36f51e1c8dd9fde7a3b5cf276b8"	"true"	"https://github.com/remvze/moodist.git"	"983f7412e8cd054e76d156977c563da2028e4428"	"Pixabay Content License OR CC0 1.0"	"not-published-by-upstream"
"app/src/main/assets/sounds/things/vinyl-effect.mp3"	"1556698"	"037f7a6ac2a78c1378381048b40049b4960801a4f1e2a209991a64f8744fa46d"	"public/sounds/things/vinyl-effect.mp3"	"037f7a6ac2a78c1378381048b40049b4960801a4f1e2a209991a64f8744fa46d"	"public/sounds/things/vinyl-effect.mp3"	"037f7a6ac2a78c1378381048b40049b4960801a4f1e2a209991a64f8744fa46d"	"true"	"https://github.com/remvze/moodist.git"	"983f7412e8cd054e76d156977c563da2028e4428"	"Pixabay Content License OR CC0 1.0"	"not-published-by-upstream"
"app/src/main/assets/sounds/things/washing-machine.mp3"	"191760"	"f468aaf120141cb618085d33aba190e81f8e85ba6efe5f292ff0a920edabf955"	"public/sounds/things/washing-machine.mp3"	"f468aaf120141cb618085d33aba190e81f8e85ba6efe5f292ff0a920edabf955"	"public/sounds/things/washing-machine.mp3"	"f468aaf120141cb618085d33aba190e81f8e85ba6efe5f292ff0a920edabf955"	"true"	"https://github.com/remvze/moodist.git"	"983f7412e8cd054e76d156977c563da2028e4428"	"Pixabay Content License OR CC0 1.0"	"not-published-by-upstream"
"app/src/main/assets/sounds/things/wind-chimes.mp3"	"2255187"	"212558c58fdb5b8f490b9c1d9b6f3c7469d025b4feff4df4014bff60d0422cf9"	"public/sounds/things/wind-chimes.mp3"	"212558c58fdb5b8f490b9c1d9b6f3c7469d025b4feff4df4014bff60d0422cf9"	"public/sounds/things/wind-chimes.mp3"	"212558c58fdb5b8f490b9c1d9b6f3c7469d025b4feff4df4014bff60d0422cf9"	"true"	"https://github.com/remvze/moodist.git"	"983f7412e8cd054e76d156977c563da2028e4428"	"Pixabay Content License OR CC0 1.0"	"not-published-by-upstream"
"app/src/main/assets/sounds/things/windshield-wipers.mp3"	"207528"	"858490d7480c62728d976b2aee26193c282f5f0aace7a1bf3001994b7f02d93f"	"public/sounds/things/windshield-wipers.mp3"	"858490d7480c62728d976b2aee26193c282f5f0aace7a1bf3001994b7f02d93f"	"public/sounds/things/windshield-wipers.mp3"	"858490d7480c62728d976b2aee26193c282f5f0aace7a1bf3001994b7f02d93f"	"true"	"https://github.com/remvze/moodist.git"	"983f7412e8cd054e76d156977c563da2028e4428"	"Pixabay Content License OR CC0 1.0"	"not-published-by-upstream"
"app/src/main/assets/sounds/transport/airplane.mp3"	"840264"	"170fcd68d60ebe89ac26425a0c38c437b70071cc4919419bbb0cbc92a3cb5af8"	"public/sounds/transport/airplane.mp3"	"170fcd68d60ebe89ac26425a0c38c437b70071cc4919419bbb0cbc92a3cb5af8"	"public/sounds/transport/airplane.mp3"	"170fcd68d60ebe89ac26425a0c38c437b70071cc4919419bbb0cbc92a3cb5af8"	"true"	"https://github.com/remvze/moodist.git"	"983f7412e8cd054e76d156977c563da2028e4428"	"Pixabay Content License OR CC0 1.0"	"not-published-by-upstream"
"app/src/main/assets/sounds/transport/inside-a-train.mp3"	"1441920"	"8689c8f151910752fd94fce9c78ce6d48a4d6653c25f966f056f34e6ef448459"	"public/sounds/transport/inside-a-train.mp3"	"8689c8f151910752fd94fce9c78ce6d48a4d6653c25f966f056f34e6ef448459"	"public/sounds/transport/inside-a-train.mp3"	"8689c8f151910752fd94fce9c78ce6d48a4d6653c25f966f056f34e6ef448459"	"true"	"https://github.com/remvze/moodist.git"	"983f7412e8cd054e76d156977c563da2028e4428"	"Pixabay Content License OR CC0 1.0"	"not-published-by-upstream"
"app/src/main/assets/sounds/transport/rowing-boat.mp3"	"597072"	"c4347ae2fa806079198c96c13937e17be7a084c976d566846e322aeefece84d1"	"public/sounds/transport/rowing-boat.mp3"	"c4347ae2fa806079198c96c13937e17be7a084c976d566846e322aeefece84d1"	"public/sounds/transport/rowing-boat.mp3"	"c4347ae2fa806079198c96c13937e17be7a084c976d566846e322aeefece84d1"	"true"	"https://github.com/remvze/moodist.git"	"983f7412e8cd054e76d156977c563da2028e4428"	"Pixabay Content License OR CC0 1.0"	"not-published-by-upstream"
"app/src/main/assets/sounds/transport/sailboat.mp3"	"2186472"	"8701ec1f21561d53c006cf2af4dd540a1b952ed56da4315d382c70a8c01d120f"	"public/sounds/transport/sailboat.mp3"	"8701ec1f21561d53c006cf2af4dd540a1b952ed56da4315d382c70a8c01d120f"	"public/sounds/transport/sailboat.mp3"	"8701ec1f21561d53c006cf2af4dd540a1b952ed56da4315d382c70a8c01d120f"	"true"	"https://github.com/remvze/moodist.git"	"983f7412e8cd054e76d156977c563da2028e4428"	"Pixabay Content License OR CC0 1.0"	"not-published-by-upstream"
"app/src/main/assets/sounds/transport/submarine.mp3"	"696408"	"739e7ae10aa770522b0007482813f8961567fda8cf2941fce46acfe00fdd18e8"	"public/sounds/transport/submarine.mp3"	"739e7ae10aa770522b0007482813f8961567fda8cf2941fce46acfe00fdd18e8"	"public/sounds/transport/submarine.mp3"	"739e7ae10aa770522b0007482813f8961567fda8cf2941fce46acfe00fdd18e8"	"true"	"https://github.com/remvze/moodist.git"	"983f7412e8cd054e76d156977c563da2028e4428"	"Pixabay Content License OR CC0 1.0"	"not-published-by-upstream"
"app/src/main/assets/sounds/transport/train.mp3"	"1277043"	"ee81ed9e0ce6bfc14ce21209615e6f7156384c8213f8c80b5fae3665005ef788"	"public/sounds/transport/train.mp3"	"ee81ed9e0ce6bfc14ce21209615e6f7156384c8213f8c80b5fae3665005ef788"	"public/sounds/transport/train.mp3"	"ee81ed9e0ce6bfc14ce21209615e6f7156384c8213f8c80b5fae3665005ef788"	"true"	"https://github.com/remvze/moodist.git"	"983f7412e8cd054e76d156977c563da2028e4428"	"Pixabay Content License OR CC0 1.0"	"not-published-by-upstream"
"app/src/main/assets/sounds/urban/ambulance-siren.mp3"	"337224"	"5ba2cefd6677e97be596117771a8394ebdb51905530b72578b5913675033e2a4"	"public/sounds/urban/ambulance-siren.mp3"	"5ba2cefd6677e97be596117771a8394ebdb51905530b72578b5913675033e2a4"	"public/sounds/urban/ambulance-siren.mp3"	"5ba2cefd6677e97be596117771a8394ebdb51905530b72578b5913675033e2a4"	"true"	"https://github.com/remvze/moodist.git"	"983f7412e8cd054e76d156977c563da2028e4428"	"Pixabay Content License OR CC0 1.0"	"not-published-by-upstream"
"app/src/main/assets/sounds/urban/busy-street.mp3"	"2328744"	"3f819591a58f280683ab934e9c6a1b90c58531ec5920826e9d887668a0f757e2"	"public/sounds/urban/busy-street.mp3"	"3f819591a58f280683ab934e9c6a1b90c58531ec5920826e9d887668a0f757e2"	"public/sounds/urban/busy-street.mp3"	"3f819591a58f280683ab934e9c6a1b90c58531ec5920826e9d887668a0f757e2"	"true"	"https://github.com/remvze/moodist.git"	"983f7412e8cd054e76d156977c563da2028e4428"	"Pixabay Content License OR CC0 1.0"	"not-published-by-upstream"
"app/src/main/assets/sounds/urban/crowd.mp3"	"610200"	"720313446ff6dd117f271bcb5082d3d78a038dd284fe9d3e3a4ceb158bcaeafa"	"public/sounds/urban/crowd.mp3"	"720313446ff6dd117f271bcb5082d3d78a038dd284fe9d3e3a4ceb158bcaeafa"	"public/sounds/urban/crowd.mp3"	"720313446ff6dd117f271bcb5082d3d78a038dd284fe9d3e3a4ceb158bcaeafa"	"true"	"https://github.com/remvze/moodist.git"	"983f7412e8cd054e76d156977c563da2028e4428"	"Pixabay Content License OR CC0 1.0"	"not-published-by-upstream"
"app/src/main/assets/sounds/urban/fireworks.mp3"	"581400"	"5436e6e89037d5ccf10a27fdb9164566bf68d4628c3537bcac32e8853989e514"	"public/sounds/urban/fireworks.mp3"	"5436e6e89037d5ccf10a27fdb9164566bf68d4628c3537bcac32e8853989e514"	"public/sounds/urban/fireworks.mp3"	"5436e6e89037d5ccf10a27fdb9164566bf68d4628c3537bcac32e8853989e514"	"true"	"https://github.com/remvze/moodist.git"	"983f7412e8cd054e76d156977c563da2028e4428"	"Pixabay Content License OR CC0 1.0"	"not-published-by-upstream"
"app/src/main/assets/sounds/urban/highway.mp3"	"1671552"	"3de274910ddffa6b1ebfce67875aff87b4b7a4c662e49fbb822e5e39458006b5"	"public/sounds/urban/highway.mp3"	"3de274910ddffa6b1ebfce67875aff87b4b7a4c662e49fbb822e5e39458006b5"	"public/sounds/urban/highway.mp3"	"3de274910ddffa6b1ebfce67875aff87b4b7a4c662e49fbb822e5e39458006b5"	"true"	"https://github.com/remvze/moodist.git"	"983f7412e8cd054e76d156977c563da2028e4428"	"Pixabay Content License OR CC0 1.0"	"not-published-by-upstream"
"app/src/main/assets/sounds/urban/road.mp3"	"1548480"	"df23f3692a02823fe000966d9d0a38c76094958ab26f11e76448c09d41875cd8"	"public/sounds/urban/road.mp3"	"df23f3692a02823fe000966d9d0a38c76094958ab26f11e76448c09d41875cd8"	"public/sounds/urban/road.mp3"	"df23f3692a02823fe000966d9d0a38c76094958ab26f11e76448c09d41875cd8"	"true"	"https://github.com/remvze/moodist.git"	"983f7412e8cd054e76d156977c563da2028e4428"	"Pixabay Content License OR CC0 1.0"	"not-published-by-upstream"
"app/src/main/assets/sounds/urban/traffic.mp3"	"452324"	"3fa2fe742335124d0226f4ba4a9cb86bbc08e1d82d9b3ef6971cff74035cd61f"	"public/sounds/urban/traffic.mp3"	"3fa2fe742335124d0226f4ba4a9cb86bbc08e1d82d9b3ef6971cff74035cd61f"	"public/sounds/urban/traffic.mp3"	"3fa2fe742335124d0226f4ba4a9cb86bbc08e1d82d9b3ef6971cff74035cd61f"	"true"	"https://github.com/remvze/moodist.git"	"983f7412e8cd054e76d156977c563da2028e4428"	"Pixabay Content License OR CC0 1.0"	"not-published-by-upstream"
