track_id	source_ext	source_bytes	source_sha256	opus_bitrate_kbps	opus_bytes	opus_sha256	duration_ms	channels
albinoni-oboe-one	ogg	4294458	9ce25f383f84b5d30ee1bbe1f9a4b76a83c47c435afa940d468e75f69418860f	128	3996114	a56318cda9b1de2f1626e4ce8002c56d39670ea11ab6edb6dd53206818979336	229626	2
albinoni-oboe-three	ogg	3751918	73c4dfdb6f45dcc7e7e7e4785610444d516f7ff3b95ce6a245e18d75c477becb	128	3474149	3a4b82b380adabf83250b6f99721b3ed4c2ea9d6957618a8a63e36dc7a4b28ff	205332	2
albinoni-oboe-two	ogg	4544115	973d4afdbff655ba428f161f4f6326adc0737693720322058c0987ee7a9e4c0c	128	4713150	1990b26f97d0c1e184e464f18e18fc17c92ce20b31cc78057936462b96057c7e	257760	2
ambient-brenticus	ogg	4504688	e8a2751f2a5032529e84e018e4abd190e4167556038acbd224ced4ad219def8a	96	3434113	d05a1f25465d46a4681488864c38ac5b9cd20b921145e1ed9c0aa281545d9678	264682	2
ambient-dance-zeropage	ogg	5531951	32e5876fe9b0a2087d52ed4b0e6a97cf6055508edf11d0a8edab530b7efb5a46	96	3012420	0efd1cb24f84da73c1133b14bd3ef064661ce9361ebbbf59561f98e34d79b6b3	228759	2
ambient-guitar-dust	mp3	8424318	4a24adedba90364887322db6df0b9c365567adf7ea96bf83aa95188b7f29f6cd	96	2893506	a78c6fcbc97f74588e1b7184f922c4c1556d4b73df64f398cb66d7a4cac02771	210506	2
ambient-india-zeropage	ogg	9511526	fec9a52a9b958e5fd7c0c786432759039ebc4e8602f0f9db64513d2eee31ea1b	96	4855476	047f8d23e6035882339cb68e9618364e046b423fc3b22543dc4bc64f622946a1	386191	2
ambient-pad-i	mp3	1798394	12ad0144f6ed8101d83d70533586ab785094a7aeeac89edb5593cd165e0b2006	96	1013694	f26a91c286fb2f258573f7156213960d90f7d2a4fa0d325b4b40410b4aa2fbac	74804	2
ambient-pad-ii	mp3	3254773	5e983cf072d2f7aa81a988e195b46eac737cc0e733a211439c31f3fd96cf1cee	96	1905314	a5230e72fa906bb2c26fc550a9c6864b363fbc05eb065cf53a360892ee3fc98f	135479	2
ambient-pad-iv	mp3	3543165	7d4ed1682cb26c0376b92fbfba14338761a9fd4b80454fb535c65452fd909ee9	96	1747081	9951a8468f4aa183d3a2f587d4948d9c9e93b8930bc6d4903065d68b6d874ca6	147503	2
ambient-pad-ix	mp3	3472529	4d2ffd8d84df063cdb46793b8869b0acc9e303ba8bd41d8316db03011799dafe	96	1841158	0a1d4605a6a3180d00968ecbc8371bac5f2e48e801c859f42672a58a709318e5	144566	2
ambient-pad-v	mp3	7539125	7c9a1b674a8525b6cca90a5d834b6e31e21a358e523b099802acef45c87e8a93	96	3444100	1f0eed92b1caa00eef6a3629209e01cc6547a0d5a24872bf2b1e916a1262caaa	314006	2
ambient-pad-vi	mp3	7539125	a8ec0b1a2181b1dcb27603eba8fd90c20c6d397831abea499e4ba85a33504a5c	96	3675975	ca9f8e2e1cbfd2a3a52a70a43735c9fbff545128f659a216a7efee7f1702b006	314006	2
ambient-pad-vii	mp3	4298099	958e803d25716863fd53419f08d0026edeab0eb5f17b6ae967ffae4e475c69e4	96	2671974	d4a8426d07fe1629d87b891ca23c2bda067ad8121de357cbd0191989665e2da0	178993	2
ambient-pad-viii	mp3	3477713	28deaf0bb179a5511f3a7281722902c6ef1fc3f294d09cb64e73d39ed0db8667	96	2037148	24300529cc36820f9b93b3cb79224e7b664728248a1c3ed2a2034c3c64a736d7	144776	2
ambient-pad-x	mp3	2577052	1982779763d2e1c75b9e4c5a2662dcb4181b251366c5b5208d678928eecc6b02	96	1182792	2937383bfdb4b6e80e3dd7b1cff86aafff63c747438791190d1ddbbe08b68c9b	107257	2
ambient-relax-background-one	ogg	1754942	b362bd0017400836b6dc4b4c581e7516c8e1e4bff1b97e1107e14ae00d02f751	96	769365	c7c08dde39220054a87ead227dc77ec19e95bafbdee26699a6b9a3f963fdbf75	62688	2
ambient-sunset-walk	ogg	1828550	1d230721e6200276065b913e44943d0e0503af88fc2dd793be1249738e06d98c	96	1055868	d96432d0336d43df5034b5aa6c85765f4687e25a9825d14a548f935dc566f1a9	76809	2
ambient-voyager	ogg	6012641	f7d0bb45dfeb5eecea9826daa752dca632b40f0f9f925bfcebb458651434f2fa	96	3080537	b7d04eccff34b4516a56e9dfb51ae1b433bb46d9485c02f490231cc2bda4d8b6	235209	2
ambient-zero-point	ogg	5152610	75e3c3ec193956e5db4295f61a3bcec5852b4810f5b135fb9e04d98ca346704f	96	3924554	eb91c0463a1ff98202b101289a8f7ab07f4b194140cf468a39686aad1ef5c42e	319052	2
andersen-etude	oga	2234607	d85632be31c31bff72f1190659196f0267df6c8b3f0b2cac62077b3db06ce83b	128	2152947	afdf58192abba9ea2c761dec761a27b8531e11460bdca632173b482414d13f44	122112	2
atlantean-twilight	mp3	5579577	a3ad327aa9661d95ab701860e5583dac2a59b710af6d204316ff6043ee7205d3	96	2847166	b5bc89a8f5f610b109b69d24d110ae1776b1ec43a40e971f9781fe68bc310afd	171161	2
bach-air	ogg	2758350	94b703db3b1485f1a8ddbca16f0536305ecde64f27e51e831479f673ca43b613	128	3492830	84d5787ecdbae3de9361f8a16dc5055364affb36be4082f88f4a45eb1d209302	259909	2
bach-bwv147-chorale	ogg	3726571	a7c2671225a32088f41b0da7407a8743c6325f8fbaaa6e4f0b5e97d37b16707d	128	3465098	b05847a452815a8b1ecfa48486b0224d82f67a3ba33832e3b62dc84b7cf456ad	202276	2
bach-chaconne	ogg	17635982	339769c23d6849a8e4c39aa9155d67455176c2a4c115fa65162d2b9c2f01e2ca	128	14289146	65ecb46f4351dc117603a3bdbe5fc0b5dd702ab9cdcc3f907af34b61d54acc9c	750263	2
bach-goldberg-aria	ogg	7744763	b5f9cd0939b66b133b29e03a6d149dd23770bd53b8ccb0e306495024538422e2	128	5477234	9b3c11e0599dda92ab42ad16ff14c6709f7349f3af44504acb7097fea74284d4	287065	2
bach-goldberg-aria-cc0	ogg	3694619	6bef03ec30f9adabf5beb9fe07d50d7ee32538d8ea2b04da0c038dfe0de23356	128	4554125	8202c5b2deae20e30d54286ac82d36c5a625f37a6d10215fa5ef8bc24a9ccca6	228018	2
bach-goldberg-cc0-01	ogg	2037921	0e252c0312da06d6416d61012a1840612c156ee5e7d1ff5bd95d743da2b7643a	128	2317084	98615e5f53f02ffdc3b67b82fe8fb681bb0e23efcb5ddd90b3391352000156ac	121443	2
bach-goldberg-cc0-02	ogg	1354178	d4214cdb421d79e452d09a0c50ba95719936b45fbb47343eac5e07f59ca5ddab	128	1522791	63e8bdc8d08888a3f9a8dbce424f60c1b2ace5607a133eaff624f98a6ab108e6	81185	2
bach-goldberg-cc0-03	ogg	2004011	e487ca3dd07838b672ea6ac8f5c99caa7a40a64ba86be5b07938bb297b4af700	128	2287050	7bfce4ddbfd3d647c20a972998ca045b877b6ed17a242392f7f075029beaf034	121443	2
bach-goldberg-cc0-04	ogg	1009716	5c793df33ebf3ff5ac610b14571d4b66bd9201903b80b1215acecef563b09401	128	1145950	48880fa6285b0e96fc38c79ad365ab76f404442d631790b980451408ce9fb36c	61739	2
bach-goldberg-cc0-05	ogg	2054458	76b3f78cb47b4ed8346d1962fd30fbe0df8c4c05a4a377de1411ab2f8e9adc3d	128	2398924	22d570de271940beccfa00a7f42a284dd5452d680d135b82dcf345209f99cb48	121443	2
bach-goldberg-cc0-06	ogg	1005822	09ae22d5de17261ccc097c11a3362d50e5bd089cc17aec03a865b1fe6afd2537	128	1115105	072812333642fb77520ca9d0bed25f28ee96eb9f36d9e46595ac6a785c0587cf	62048	2
bach-goldberg-cc0-07	ogg	2026185	cd7c15eda8a61d1332aa6d47b4a8cd55678a7a2eeb9caa1435ceeb1e0eb36e94	128	2419676	e3cf0758d19d60bc2faec476ace699fa5f536563d2ac64214241476d5e9b7415	121443	2
bach-goldberg-cc0-08	ogg	2040160	ffc54a7a1fe7a077369676b3e0dff2eebfdf34761998c3ef10fc16dde312e89d	128	2294660	962f4b9a8cba89c4d5cb98ba6f3cf815ed6ab2ea97c91f3d85f5281ce0e68f59	121443	2
bach-goldberg-cc0-09	ogg	1404977	ff36ee015b6837e3a0c5cae87e8ed959dd5d476d7e36d0f467e4a4228a9c46e1	128	1622458	227dcac127dd8010c0d884c9f822434cdd8e7f87a8de92528497f574dcdb5b14	83712	2
bach-goldberg-cc0-10	ogg	1331342	2fc8c1b6dcab04fdb9f8681c5c89a7e3242463ac5023bb7c9e736eb65d2acab4	128	1518187	0c5b41a226ef52f80939a342f1d8bbfa7a418976892c89ae3d5b62336f52551b	81185	2
bach-goldberg-cc0-11	ogg	2058988	831785011df399bc326cbc282aa8ec229ef2772ef946cf9b34d253e0bb5d5fe6	128	2311162	b46d8ad121dbeba61dc7b408c9cd2de499644a0a00dfbd4492294bc8f5deb4d8	120773	2
bach-goldberg-cc0-12	ogg	2153755	e025c4bc3e4c8054a5652c42711f2455d712563d2e7f2a0115560910da2e08df	128	2372056	0b311a46ac6ca1aa0172853b2f67941c699d7d7e31b10cdc2cacb1f01b89f7a9	128603	2
bach-goldberg-cc0-13	ogg	5203507	80f6aea790825e56435320a3a643a1f91be4323cdf5185a27ec4be56fe83c437	128	6295126	90f5461c42c522bf8586f70bd74d7647f5e1f74d7b095c249d16e8e17dea33c8	317626	2
bach-goldberg-cc0-14	ogg	2156486	df98cf9c390f289a3e5f225e6a29296f779aa9fc4198f0ea000181e54e3ad8e4	128	2435550	834617d560550356bcb546b9b6e41bbbcf9a4cafbd1b587cec289ad48ea5da9b	128274	2
bach-goldberg-cc0-15	ogg	4215843	873bbd7664a86b7d7e1aaf70fd73f3198f14b7a1677759abd30c15906d6d182e	128	5043482	cec601e50d8d168b64c5965bee14a1dc589dfac5cb88ec86d0177d395b0693c7	253813	2
bach-goldberg-cc0-16	ogg	2719564	db66d42cf826198917f3f48477b0ffa231a417e3d7ab67c773db21c3ed526b36	128	3202263	a0e00170e11ff541c0d5a55853175b24e1b38f65ecec4bbdc25eea4efc050a7b	165932	2
bach-goldberg-cc0-27	ogg	2025833	dad60dd4977dac0a50bfc02f0891aedcb5794d295fbc24064f26934539ca1d6f	128	2346294	421ec062ce132120961ecb338c66e99d482edbde97bb5c403f78d83e868e48b4	120773	2
bach-goldberg-cc0-28	ogg	2111295	11e016cfd93c878f904fb6a37c325e47aa2dba3e60e459779b14ac3670e3a846	128	2343937	e0f8de81ad3ec2e2a4f3070cef2cc2cf01dba58b5be0bf47d1bbb936cf4a2b91	124563	2
bach-goldberg-cc0-29	ogg	2024788	7e5ac0eef4756709e650c59751f5ac4b264fa1b9361a76007aeaf273020a6658	128	2270547	58ee1686ffe2f804c3313c8252cc1b8f158381d59c5af9fb5a4b6fb5c3fe1836	121391	2
bach-goldberg-cc0-30	ogg	1383937	50bc5862a51832f4bc64dd6167992bac63d654e96bff190fee424d5472235ed6	128	1590597	2df4a1077902422f6f5e7d3bd2c1e37022c710953fe6750bb1b414d21d7ba3a1	83350	2
bach-goldberg-var8	ogg	3541955	8e988e8bceaffc095b2a7bf6a9deb7ba386319c02668ffe8a284b4bacf5a8456	128	3241993	e909b2e0872fd818e8d0f557a2b7c3a21e9c78d851874367c11825476cf77095	176449	2
bach-partita-preludio	ogg	4469198	89bb66c50ad8f0b0f6a66ee528d1b5d5ec7c4430c23479d0b94cd8bfb9fc55fd	128	4700414	d323582b3780c2945534a3b46e238ce8acbf73a26278084a6816731a8c275b5b	263010	2
bach-passacaglia-bwv582	ogg	6885972	ab7580734858853a3783133b59b676cb60559289dc5b8e336ca18432b3161a6d	128	10074862	efb7a45edd0b219eeb44a0f144749818ca10a5a7ad362894ba404dbee7f4e5a4	719193	2
bach-sonata-adagio	ogg	3033928	397a1d18100a616dae22580e43fc71bcffe1cb0a0ec8040a631d6921e58df0ac	128	5413270	fde8c31b33023009430e427174159916266a8d758f7d3ec2c6d0c89b7143a467	271041	2
bach-wtc-prelude	ogg	4237929	609caddf6604b482cdc5739bb7ea385c77156a498f953b241118b14e4fb34883	128	4197827	c48f3f06a1935b875fd24b8947d5d1977e98dff258ff1bfb3977579dca7b5dd3	216695	2
background-music-one	ogg	668439	efee3b3bfc32463394da6e8a849813a1e54745117d381b144a20e588fbcf0126	96	1959265	881359fdc972e0125673d45a148c1b0449813e91842f5eebdd9753cf181aa715	136454	1
beats-disco-lounge	mp3	10220639	931877813688cff3b6bc2219a2a1992800b159a74fbf30365a03208f55eb1fab	96	3188065	eebb8f047aee49b97b1499ad80bd4534ad216b576201eecc7658eee6d3bb7c00	253097	2
beats-electro-cabello	mp3	7635233	f304151035c2647de56dbf1995dcc90f3c942c656edfe7516541e7b76e4044ef	96	2484595	4980e09e1962c5da1219fc72bd256e68ff9a0e2689fd34ee34b57ce301fe327b	190776	2
beats-faster-does-it	mp3	7275665	752ce1d8573254888a370639de303af0ba091fa080b71e1d61a0cdf6efb760d8	96	2259281	e39b8e5f528cfbc128098a5dcb603b7d10ecd9815980fb89eac36d597831d308	181771	2
beats-funkorama	mp3	8199078	6be229815d85a0b99382b944d31098b882702c04ac7ad899e44ab7f8ba89b5ad	96	2988788	d30af3fdb4f77f0f0ac90580f00bffdbae104bae97861ca4752bab2b448a9bcf	201393	2
beats-groove-grove	mp3	8232879	e47b9c1615ad8e759c19109f487f7c484dd0785d3a66499ecd240bc492ee33b5	96	2972630	1d812b34dc7fd2680cdfb2b58ac2ad57a82c1f31871504d19fd2582b82f482af	205721	2
beethoven-32-variations	ogg	12270034	d0c69eda90a3a6c78f60a9ece5fb143f1a8ba56ed784dd999026a16ec25e3701	128	12628390	865239dbc7202eb5cf7f6497a6f7f9a4a36cc8d0cefef8ab50d5a21f08d4aec5	728377	2
beethoven-cello-sonata-three-two	ogg	1719546	0ae67f9b8d8bd89d53bd9cd6d4543ce6b15ffae9f624bb68fe0bc89c70c3880a	96	2555014	d5a35a6c81e124b9392469924a4ec816e61a3cbb058a32b664a8e3079a34c939	209732	1
beethoven-concerto-largo	ogg	10560927	bc956b96570fa0ffb7ce153e89b44a62b7fccb7cfc2689bad651e5987cf2439a	128	11683601	0d4bca4ed4e00fd0a284ea3822a86b19d60795d1e64ae23930229037b380fe93	593668	2
beethoven-diabelli-01-02	ogg	3029219	6f3c00c79f97ee66ccb49b273a0563198855c690ca886befacd03d7cbeea052f	128	2839248	4c0965a4c3104c2c0c54037690cc994fe7c7579ae008568fa024b2c4d71b60bc	165697	2
beethoven-diabelli-03-04	ogg	2603228	08bc516badee658cc0c0e55e3ad6e99765b6bdbca1728e7f31eff3444a2725c8	128	2539924	f7993886391252e7af1c6ce749accdb6e70239946f1ad27186bef602d9d44403	141903	2
beethoven-diabelli-05-07	ogg	4243379	7fe30b3db3d8c3ea3efa0b8400d9cd9c0516fb2c3843fca8136b63e14aa9ea32	128	4087453	45de0858bdf0027377a530bdb30cb60efdc6da2310ee1ece44d1900161d51392	228100	2
beethoven-diabelli-08-10	ogg	4210897	44c02d4eaaf04df7a1a66cb822f8d0a874d934639192f43dc6155d2bf51fe53f	128	4023396	882c789950d5c9a8d644f897f78de33fbc466554d3ab10768c53930d3b73c0e0	230632	2
beethoven-diabelli-11-13	ogg	3212588	e7e8ba4e22f61bfd7013d3b60c2282c82d2021e73526fffaf682bdbb3e4caab4	128	3004431	98f0891b86622ccdba0376e43149bb047b53e73baa326baa5c47d7f5c2a8694d	174109	2
beethoven-diabelli-14	ogg	4517438	757f9c8c16a2567de8a4bb625cf9f65a076f907e754800e624a5ddbe5e672269	128	4233210	4f44be71c93ef1dc9836acf1223ebd9a932742b861c4df1e326277071c2fdd32	248409	2
beethoven-diabelli-15-17	ogg	2855607	d8c9e07582eff9becf347509bc674bad7df43c465c6c8906250e695f9eeb841d	128	2614299	910ba5d112ff3fb7f2fac6e09e301800c16f74fc872b0a041719a31135e8704a	151309	2
beethoven-diabelli-18-19	ogg	2756848	c57c19a3ca8bd418f4466acbedf8cb86d08927f2f3c1ee923c3fe7bdebc1c5e4	128	2701135	16f14ccc8bef98f61fcad532c809eee363abbfc29aa59b2f595cdc026173ca68	147609	2
beethoven-diabelli-20-23	ogg	6037956	72f8a141948e812d4990a51787e404ae3f19e8bbb429daa58b347c8d5b5d0455	128	5696315	d8858c5d2700818b07c925716f45246507b579fb01849df463257583ddd7c8ab	336206	2
beethoven-diabelli-24	ogg	2850882	a309cb5cc02804ff4e2db38c5587958351b3d64f21757770dabff1d026b6c42a	128	2991746	0e61fbd06180d62c8caed669911032f6640f90c2136186173311b10ba814b32c	160509	2
beethoven-diabelli-25-29	ogg	5450487	37c56cc5c336c9db2a77d0ec97e440c9dae08494fe4ffd6a78fb46c3238c5c1e	128	5402945	19cf4c1be06302138f1aab1e9fe1e6b55f4ea37b49eaf08ecdb520cb5604f9ed	301909	2
beethoven-diabelli-30	ogg	2182665	0c63e9a9098134754dddce48624f911eee7f9151ccf7d680b6fd2bad958ba8a3	128	2211914	f07e521ac2efe47719414b34acfb0012d8db3692f3cd10a1d743ab218bddbb64	122209	2
beethoven-diabelli-31	ogg	5218075	bfaecdad3e580c9d29e0cab8ba6d3d678c633f2f9412b79ee026fca68cd3b582	128	5444845	61a7ea424cfd785212c615027bd728653ea9b4ee9b14a21b185f043ff83c1766	298309	2
beethoven-diabelli-32	ogg	2726475	a2794f44077433569f64e67197d0ed053a5da38905ef36688fbc6865fbf08a9e	128	2644573	e093fee1fdf607fb541e4cb43fa5c4257f7deb8da2dfd6ec11d7cf6a20bf85e0	150609	2
beethoven-diabelli-33	ogg	4296622	e5518dc0b00e28f60493ebeaeb28b1df2d82458da6d661d6cf46a60e1c4c4ef5	128	4531325	ce4ae1d5db12c2b6bf66656b61049715f1a6d0357fa83d8ddf2c486767b86b3b	244509	2
beethoven-diabelli-theme	ogg	1041744	196f0b2805f0c98ba3e3a058c43ed8d7a19cfa8fb3746a75ae9dcfcf3612377d	128	883663	4c28b6a68ffe9ec904aca514210908bb6757685207086f0003cfe7d56fd2863a	52915	2
beethoven-hammerklavier-adagio	ogg	25905884	6d77c75e8c5c225281e5fc07b1ad53ffc152e3d979a168f553aeab9a7a839451	128	20335422	9a36988f214d7f0fb0e33b94845c2e607d6020b003a3fcba8b8f56436a9f5a67	1035111	2
beethoven-minuet	ogg	945117	8147dc55f9ac85bb742cc56f1a27ead6f6fe637eaf09c5d1d591f3b3ac45b8eb	96	1965917	9c5a3922b04f98a9e95aabc9290095055df84b10a29719fd999e1663f0f244b3	143535	1
beethoven-nine-four	ogg	15691685	1af72034c2b5e1c8334023c0c24eebcc33c413ed14dc68c07d33490f7d0b744c	128	20092571	0563a118e39278f369f091cc8d71a7e3eb7de90800667e95de0dab46da0a4576	1407889	2
beethoven-nine-one	flac	72708686	a7d096863b272030e2f661402522121014747901326f8fd02d877f85d030a042	128	15414307	02bf333f40535748222bc0d2f2a3f631b9e46c4a22a04b44d5520603ee0cb403	917006	2
beethoven-nine-three	flac	57455451	6abbcc66bcecbea9734f2f9e6305f84bb946bb1caf0334c3eb778e141035988e	128	16350077	adfb1c83a1275d4b1815aee14b9d8e8b235450ed22f9ee3f97e96156cb14e03c	898926	2
beethoven-nine-two	flac	50719279	90fbafc75c7238b456dce7bc66f6b3770246e86c7611ce69823c5d16bda763bd	128	11055793	1f91375b42dc0b6b967388a681b70934d11953718ee16ed007395a557b4e244d	685406	2
beethoven-quartet-six-adagio	flac	63109280	8b29c98e88aa54e518916dc8fed2ae2855a93c360b9818a34cecd4eb6300de12	128	7657161	e5b7acc0d712eb8c9a7f0c8cf327273a49258699ef94da352072961ae11d0585	421821	2
beethoven-quartet-six-malinconia	flac	74340097	2a30c535faf6df53eb2c9b427dd52dd4a8025351c847fb05a37c94a2af9b253e	128	8817453	5a57c1889af81d34ff9f1ac12a712014e709188589260c72a8d5066f308c1629	492533	2
beethoven-sonata-28-one	ogg	4541660	f367c236b4e1bbbf1b93d2bb2697306a8dabd4aafc47589e70a5c69fd65fbf52	128	5304311	1ddfb82666b3eb979be4b99b92a093e0d6f66da02d76114d361ac6a9742785a4	285528	2
beethoven-sonata-28-three	ogg	3665745	9b76bc6e0609b2e392e37aa93647728b705bb41085fa7913053b555ae0cdb916	128	4154859	1884512f25b8574809ba296f748e0d72d27c959157053ad583f1fd8b2145c8a6	229939	2
borodin-steppes	ogg	4731200	aea18473e0fdab570af658bf1f35bf121eca9a673e609a37753444db9b9ec5ef	128	8665105	ba22a865ddab2f33a6b89cdf081142afd321ee15c0a575b5853c143f66d40a07	458249	2
brahms-clarinet-quintet-adagio	ogg	17428419	76186bf65ba2908f3ebf93ff9d63fad56b624bf0cd78c7fc5549303311ec7c4e	128	12652015	55118e0bb23d2cf08cfec8eebc025cb83b6394e615a4dc6e58f12dcc91eab6b3	706190	2
brahms-op116-four	ogg	3844958	9447aa17d48e203cc38501573ceafd71423f986fd3d8b74819a1b985a3a7eb5a	128	4972736	9d7b82bf83d74c18aaeb476bf30d4c0818dcc8c1f91f2fe71608ec5d0d7adb47	280094	2
brahms-op117-two	ogg	6056306	b702474800cf9cf6b76240c0ee43d4bcc436cfe69b7a9096b4a7ccde4155173d	128	6147339	6356a8a881663f69fc92fe86040b501edcf1c9a186de4ebacb1875e25ce1d5f0	349934	2
brahms-op118-two	ogg	6368628	b311f998b21df77cc9c88c3c422737014c84eb5c92c69ae0a7cf624189f4c60f	128	6243358	4c71e64ca42d133ba57407da0aa181ad1c679a13732bf3f32814e4a4da2635cf	328055	2
calm-bgm	ogg	1252124	864a9445c6043d9adb7676c77dcb1069fa9ce53486d9fd6f808dfb37f1d5a147	96	1172878	acfd0cda4faf8fdc1159e03d556befe56e7557eb8eb73569935978ab729e9e67	78992	2
calm-fireplace-guitar	mp3	2474571	746079dea79033b587cd243739402338af02f2495c7f080a7cfad4c0d6cb453a	96	1214356	a4e9074743296fb88ac78591d97a2e4970ec270b1246fbf6ed9353f66967f07b	103035	2
cc0-blue-intermission	ogg	2711398	0421af57dff8b3bb81d0d05dd8a085bea9f93a07db219afd769678dc6dbc2627	112	3137132	8d557e6f35f898ef3314a1acf235652c1bde687b144bc1476778956b7efa9fba	236809	2
cc0-catchy-swing	ogg	1069084	99d24d0b0cf7c4555615236e1d3715b6d5f64e4968137e264fa85723011b198d	112	995822	95e6d60cf10b7a882ec0c73a8f493b476c0d07f0a2e367473f9a7ffd829d9d22	60009	2
cc0-etirwer	ogg	1931614	27e3de6b94173de7691e4c82e3f065f1386817a05d6b82445cd2e375eaab0bec	112	2378134	20e1be811597e390e9d8200fff3b2b09ee1a4f99762c62f2c13ba3c93a39d399	130309	2
cc0-frets	ogg	4532043	4d3e8716211911a3a6b0c81c8acb6a91e1cf130de10f9144aeb5466cba72db07	112	3960622	8b941073309e47bea9b471606ffa72e149473f9660cd807363962e60be6814b7	226109	2
cc0-fusion-jazz	ogg	4106062	6e1d753ac24ae63a86aa04d8fced64b12feaff358d40f867e9b7b170af8a32ed	112	4061461	ea2f586658b853dc0fa3203bc5e8e9599aafa6df9089405ddacb63ddce0962e9	246409	2
cc0-jazzy-blues	ogg	892608	0e696032128298686b0f162839dd29e71f6885a9b1559618b5511d7fc7c73d06	112	775857	548cffb5c5e994a0bd9725885924314179572a801e6ee56011368f3fafa2d0d0	52609	2
cc0-middle-nowhere-remix	ogg	3036323	21d3efdf80fc4e8789d9a06a37f1a620082082d8e85c808b78d8c977cc4caa6e	112	2455121	5fea7b355fc736d443e94c6983e1a09f047f51fa27b980f57e8801d45130fe3a	171609	2
cc0-one-step	ogg	3092067	8a0d757720fba3208c26f912d25a88861617361efa6cdce30ff833f52968afaa	112	2535758	36f185ee086bc9d9ef018e8236abb970a1c2cb923019f9b3a72d3f7487843440	154609	2
cc0-serenade-guitar	ogg	2625128	d410d3ea1ae5b0b246eaf270701dd8562d53c07d98e1abca587a92cc619f193c	112	2339998	a94845dbb65990f5f25f6bcbf770fd247c1486236990928fa5ee7ed102590808	129409	2
cc0-sunset-plains	ogg	5406562	6a80daab5f1a584cd846eb6140f0d4ada11d02ddf586649734ad85edc2f040d1	112	5088969	9ce4772ae207244ce3bbfd2f64b452052f33c36128a6c47264cb3d8afac60a63	329709	2
cello-bach-allemande	ogg	9286146	c0420fdf4426607035c0f71f78a9ca08c6d46be26aab17ca9ee5cf1e69599dd2	128	3000816	27898d2c969ab5d798e2b3228c7192cb3f4551b13b9ac63b7ef1ea58c0d29548	221636	2
cello-bach-allemande-john-michel	ogg	5052493	90b6616c3d53c1ee653e4648cc7d5ee85013624b55f6d350d90d10890dc710e5	128	4341522	abb97a7a29cf2995fdfc6f05572b61d2115983e8b96890266fbc7dd8423641a5	259954	2
cello-bach-casals-prelude	ogg	6286846	07a927151e6870bd5892f59aad0459a95096acac92fa282ffceb65dd39eb4908	128	2018953	74c34fce333d44aed8e64704bde162312f3838aab5f7a53b6ae994f71e782e8e	149743	2
cello-bach-cc0-prelude	ogg	8025732	1e50d9e513c37725e8d8f378787a87330b040505ec679f9e919b01f2f4eae25f	128	2776780	398ed7706a657218b1d8a5b079f1fc0ba3f614a3a3ee2f606aedb814cb96cf71	154722	2
cello-bach-gigue	ogg	4658650	4cf47292438cb69d62a0148aea0f0c1591ebafb347e7aa5a7a868a6f9c9ca402	128	1467093	4264f86aff67f3f024123d011e8d347ec1c47e40a901fe54df78846bfe5a429b	113423	2
cello-bach-sarabande	ogg	6083909	a98a66383722a60129efa591b828617a9541307ccf5df82eb0c4605f8916cb87	128	1928509	0be3dc6df0338e075fe6b24d5d94010ce3647e779d91387e8762968ddd69f6cd	143916	2
cello-debussy-beau-soir	ogg	3148438	9d2b9e2960ddbf20dafef6f3974aad4648e3c3faeb7732153c6acf60a7ab2ca0	128	2591347	d30ccbe25e7e4ec2337324132977178ab837e1e656814e5f36d1807a88b30199	159069	2
cello-faure-elegie	ogg	10821110	f4256bdccdc7d7ac0e547f571c6e8137b8de8cbdd604bada417a7cb89ab5ccc0	128	7451153	96b028eb137dbd38f002f22693fd7adace7bc7d8bd175a776d3dbb4e651a365a	425679	2
cello-saint-saens-swan	ogg	1770120	a0237df829170b5c2dcb32b525eca1e325ef86695e3f085cf84aa32c6922ebb7	128	2475136	34613a5ee75787e205f5a73946e4c4357d04902adb2afe2e6cb99a262ced790e	176217	2
cello-vivaldi-allegro-one	ogg	5342074	db2358974e9aff8c0932f547e7823afab9afaa663d917ac82fda88c2f29f1176	128	3239208	b05f8f6704654e7c03d16797d79c3bd34b848f631b2ae2fa7b3423167866c992	196499	2
cello-vivaldi-allegro-three	ogg	4743153	9ea7275cd3bc06fe5b2ea28e0cd7a000f152bc66f15ad24921a9dfbb085ec29c	128	2648407	b969424100e1eae60066be905b528bdabac78fc8c7cad7e70e15b924e1d09a75	159869	2
cello-vivaldi-largo	ogg	6983337	8f8fcabeeb71e819c362ecaf827d98f53e82945c1b97d480fef2cfe0aef781f5	128	4234784	9b1585645d0532f0e1710e7f2139ed08e88109c3314f694bc46bbbfff0e149a7	237529	2
chill-beat	ogg	2021913	0ebeaac7ed3e8fab0beb2a707d7e2eb048d673583d32d9dccba9a2be9f8e075b	96	1224293	2c6d73da670329327c9349fc1379bc2aca48c6fb1af0f6d7b5c100fcc9dd92a4	96190	2
chill-lofi	ogg	6486377	7ea7fd1b7c95ed1ca5f6ebb796626570137bcb75c7f2ea87b6c61212c7a86694	96	1598305	2ca4817fcd6fdd4e549b19d68e8b202ee4907d6c298c58a2f3543e8ca5cfd52c	125158	2
chilled-lofi	mp3	5154228	49c6e8dfbbf0b786d7ea8235ad998c39e52ac05439b7b651b02252ab695f3183	96	1600969	e58403f1ef969a8db25c39c249024f944fd1a2b6dacfdc9030516d89123c24a5	128973	2
chopin-allegro-concert	mp3	16282112	43d9939056b6a95666417a0c52798283f94c62ec1b24a0a5201602317ae3a4b1	128	14661840	42be0c918dd7adf34bdf2ee7cbacf7a000ae31837e23aa91742453920c20d453	760037	2
chopin-ballade-three	mp3	10301440	f984f0438fba8d3afb99e975ef9aaac9b7d3fd8676e9306d1ad120d77a00ac8a	128	9881040	5c8ce3e1bba8ff8fd33e48a817387fefd694b44b1797a5013a3f6f7db15384b9	507052	2
chopin-ballade-two	mp3	10072576	e5c7687a848274f8860ee4bd795408f5221ee7f4d53ac334a130cb8777c808aa	128	9423456	1467844eb4998c62a0ade654d6d75dfc0aba06d3468eee5e5b1c759733900c4a	494696	2
chopin-barcarolle	ogg	7996086	ec6af69a3717000cc983212ddc90826bacc784d6e92a674cc0ae0ca5f1b32076	128	8901916	b3dcefdacc99a7a14776bc1b399567b573b93493baeb765141182085fa35b1a2	482544	2
chopin-barcarolle-cc0	ogg	1601092	e4344ca7500e598d8624e4a871c0b4fa903ea7b2674a3b603b09ea47f06bc86b	128	566780	b34c44e234d3ca00e2b97aee2a0116b70ec8f6f46b692adaec4a36e5586142ea	32952	2
chopin-berceuse-pd	ogg	5052936	4fe734920ea60a84d38a73c77233f885f557488a47eccf53da1da7548a3caf12	128	5174283	1e6f7202e1b4a1441599ea803ad5ec8a48aa851fae8049dc15aff5e31217b097	290246	2
chopin-canon-f-minor	mp3	838144	3098e1008b099ddc2b01886a6f8b409b2005a6e39277a9a0ecc804838f3cf70d	128	911853	80e430ad85f16819fb0f5eeed0859e82c5ca0eda30500876d1799cb0ace795fc	42982	2
chopin-concerto-quartet-one	ogg	23993506	167a95b5ed17dc561b6aa1af46f3fa548deaac7e61eb525c7f2bec97d0362d96	128	20463214	9bac46a31cf0be03d8ad6537a52e494d454919a8dc7fede78caef5f43d60661a	1175124	2
chopin-concerto-quartet-three	ogg	12853981	c18723d15ac4fb3e1a0ec80944680363ff11a4ed453f3aa9216db900735be0be	128	10460411	f94cf908612f970218caee850d5f83822fd3df140ffc3c0a301c9fcb4ab5cb13	620144	2
chopin-concerto-quartet-two	ogg	11217071	be3996b30b5584a4e30c6a4374aba8954d85b88c426fe7753af84eb2b531d3f3	128	10094313	458d09687db5edd630daa398dfbff2f2ec8ffb2b6dedcd91853c681c0f821125	580112	2
chopin-etude-10-1	ogg	2370783	dd7756123ce634c72c89ddce95be9ca854fae133842dc1e3d952da1ccf5cb390	128	2209807	2388623304c1c3328167fcf5d691e85727771ac8b2133ca4ae982a1487d70bc9	123804	2
chopin-fantaisie-op49	wav	2850860	5f68fa32ac38e9e1cd52967e27ddcba5fb5138a62ba725deb43b3cc68c270a16	128	263114	3684bfa9d48b8ce7e003083e20ce2bccd1a4324fcd5f69b3af8c7c3131f15556	16168	2
chopin-mazurka-17-4	ogg	6396377	8f404d3a641cd10d5c27f7c9750e7eef68ff01032a0dc103cd3a9fdcd22a2362	128	5873982	859bc9aba1a15e5afbf74b8da9b6cbc0fdb7f220a4f03bac32ed39874bfbb0ab	334966	2
chopin-nocturne-55	ogg	6779436	7888da06046c3baa2eb7c7429cedd0a98810e61843b294fa046590db0b8065e7	128	6304218	b391d17a2d4721d19e5198f3f2b00bd127ceb300231a78696d75a87a84cfcc0f	356804	2
chopin-nocturne-62	ogg	9281143	12ed75275b74cd37c393265364bc405eb70ab93ee31028f048ded4d4a2f6447b	128	8473677	f24bca99cec4d6e228b80e77428f98bb8af61e9f0a8b6650c31f616b51ac7aea	494077	2
choral-handel-glory	ogg	2330546	a73a9d11b63048d0515c28d5b0e48062d0ccbdce0a24db964381b22f18773fc7	128	2429840	64d0efd0c37c2c6847f76d2c56807229c2ff5ba536f87ad36095268d84376c8f	157031	2
choral-handel-word	ogg	1139449	a7e3d3f5c2db3ec164014c8ef520e2b68f70f5cd50b560059bc2962f4668789b	128	1178700	8b2de9808016eede6fc0fd5c9cdfdd27e5b7123dee9d80da03df95765a09eafd	77671	2
choral-pavane	ogg	5718196	9f0b14295d4c972a1046867d64e9d149bcf56e18f5ab5b5ced0b026299e1c9e5	128	2185325	96ad380c6f3c686b56cfda94941f395bff707753d034c4451787a08b4d8770cc	137013	2
choral-racine	ogg	13337457	01de141c88556b1d1adb2cc3653f2e4926d31e7ddad6e43b302e809423fed6db	128	5236133	ac6fcba9f444b3d2ec738d34916bcc9fc158c18499dddacddb4a0fe697c9488c	320113	2
choral-resonet-laudibus	ogg	1566945	2401c351a70d8a85d3c2d69242cd9b8a0cc5c01d8705849fd2b0e6e9c497726e	128	3376550	1da564f69cd0b2232ca43abe1f8d1f8e696d212c529b7fa00859047e92202c34	205001	2
choral-salve-regina	ogg	4812802	582721705a78aa6b2b0dc9860d8a4b0006f51402d75ce88777d329cbbaed9d5c	128	3044474	5c8cfdefe190574df6802cb705ba750b5e1404ddff7c4429d59a560b9109d779	190105	2
choral-tollite	ogg	4930516	f42479eaf563e37556f6b524e4a183e0ade97d915710e891bec3b7aca2c7b85f	128	1899232	e21f34bdd15582ccc4929fea6a28938bb06b7c057ed663a06164eb209a242630	118502	2
choral-vivaldi-esurientes	ogg	4899531	dda73bfc91862ce3d6e42d88257c98ed9ac71eee5733bd509fcf707bfd49722e	128	1720003	7646368f815deab6ea1256e0396c4eb4eb5200cf566e9de4cbeb3714db723cc6	100197	2
choral-vivaldi-gloria	ogg	6723488	0350db7334f5404642c8c18e82e6283f09685834bdc20880472ebedde576c603	128	2115645	6ef2062e0e24170faba1d18039dc59f5243a70cf76fdad8633c7ed6f17dea733	133697	2
choral-vivaldi-misericordia	ogg	7504943	aeab313ef4c437770ead7bc05086818c8094ee00eda86d89ba379c9280d79520	128	2401778	3a5f10292e035959c905f8591452557d6d9a9953ddf79b5b8a06d8920998ee7c	150572	2
corelli-christmas-one	ogg	6696978	322bf01a4d997263f88ec0e9e907befb712a48c098f6a4c06f7326a50f0898c4	128	3610736	13e20fd3bb0acc1828fd1340844e66dc3cedc757531ed669c1b0edee46fe3980	202917	2
corelli-christmas-two	ogg	11569087	d5e5c617cfcb9949c86ecce9be9f63f8f9e5bd05074bbb7f6e091a2fe602358f	128	7416437	811bd8d3705651bc010e0f6723bfef7658ab221b291be273ff37632d551ebdac	411682	2
corelli-op6-no4-one	ogg	6182637	d9d555c196cdb2fff72be6ae43fd8462e8c629bdebcd96fbe800a0b15881aef0	128	3567472	5e7e1d708006c79a6bc217174e4c1ad4ebff9356604f842fb54aac08ad32d453	205116	2
couperin-barricades	ogg	2906926	95544bb28c687f0f34f7d2bcd87b9547fbf14327b98526c4359d2d41148451b8	128	2469784	463e9b7f8100d0e9b69c5f22e9cc0241fe2f2000ded6c909a86ffdaf84255802	145880	2
debussy-arabesque-one-prati	ogg	15597859	638ab598da6ea26409294abf00d894e9416b8ab113aa8329b4d74c6c44037a47	128	5592201	0cc3de7ed3f5c167a187ea91a87a709da9c375832bac833ca1e9269a44ffcb2c	292998	2
debussy-arabesque-two	ogg	12851992	4e3c6bc8347ead3f677e329efbd4313c1f8d754f047c85e78970d98ad7df44f6	128	4487128	d4467f418704043865d4e1c96788805b75dababccc2744002988866ee2141254	240078	2
debussy-clair-brass	mp3	3945327	f177f9809840b06315c641aca4225fbc48d1fe0e9912232365fd687c2a24dda7	128	4613783	2fbd2afc3a51880ef859600bdc0f1bfcdd246e6ea304d32beb9a17543047a67e	242083	2
debussy-clair-de-lune-goedhart	ogg	15740765	2f7a1e833f4e2408d9d1b893131863d790ba75cd5fbcf81292dc5ed6f25918fe	128	5811302	315ad08153b86993238871e2e20262fd86dc66dddcb0f553d3e284b9febac5ac	304098	2
debussy-doctor-gradus	wav	22282284	66c7c6eb4b73ce467a5f7c266ac39abc232b927aec518395bb7ad79376f2f7c1	128	2627221	e49fa7e8e8bb989dea07f2517ada254d6eb39d36c80718c498e6ec45bceaa626	126323	2
debussy-sketchbook	ogg	14762180	0f4510ce4300fa67373044605d748960a7835c4009c2b4b9520ad8418503d07d	128	5012074	56076c75e9386c9f5d27569ceded6052f403721321c8bb04f82170ea18c0af77	276309	2
debussy-syrinx	ogg	3679570	1f6dc51cd7a094d1c25f9df68a8f293fbde711804b55590047a131f6a0efba31	128	2825971	f73aef9b4b89c363725b0bf15097618afb8708a8d3c8d667425cf5c1962ddb37	146194	2
dream-culture	mp3	8576659	f12cbb52bd4b92bd6cf8a343645567c119627e9cbf98108a3eb6ac2cc275ee46	96	3064195	342c5ce21f5ffeca5ae0525e796cb8d4e4ef2859963059e4e54e021008e5ff90	214292	2
dvorak-larghetto	ogg	11638603	c31c59ceb85632e78a69307b08bac8f5e2f7d48d1dd76ee6f93b311f28370ce4	128	6640361	ee55696d3179b2ac68e86244e1d0f2d7494ed454c4f7a5e42ec7e3887713de93	343396	2
dvorak-new-world-largo	ogg	14538509	ba3a97a55babe67965fc19d5227ed9e1a5ede5c73ec31d0feeaf274c448eedd6	128	12227874	f9c4fe0e7aafa154d697fbab75640ce7b146dbbf5bb9dda09548b4cd2e2247f3	694473	2
electronic-piano	ogg	4404656	acebbba390ed530b87151d1bf53a16924f783d77232e0f4d1401730b62310572	112	1279503	adcda9ababc56e45e8152ad563dde424008af45646c80ad4feff8fe6393adad7	77429	2
emotional-piano	ogg	3083809	78fd14ad3cb28e9f9f608f15efa1eeaceefde2f045db189b8d18d971d3f22c58	112	1484812	5ca27c99e3f36c58b16dd7027e1eff53b4e73dec088e9675259b70520bebf152	76809	2
end-of-hope	mp3	7315436	c5c9a612ff8650b62b4be6c9276263b7c21ec4bcf6f28d1ba73d0b29034ae12a	96	2760943	c14276d785b6164ca7e07d475b6de00c9fe10b34b28c3c4d2c9c07bca228632c	183046	2
erhu-erquan	ogg	2986495	7e80091253b3fba7a9a5fca3bddbab6727c419e8ec016d2d8d18602301f704ac	96	3531822	5a927108ade209e18c184ac954c23992f25602311cba9e21ddda0784fe90a958	268150	1
erhu-river	ogg	3764321	ad5d178c66dceac6ae259bcd4e31af40472f016600984bb5f6eb1d3bb4c2dcd8	96	4111316	37be996dd326beb9fb0fcab2c5dde6872ade5bebf4d8bc8840e03caa75e52eb2	301971	1
exploration	mp3	5070109	87da190e7da3aa628235b11afccb6a1b25d73e65057b8616b6ff2332799de907	96	2578017	f24879aaff485beb18670cf3c22b68952c2bf8103887fadb4fee57129c604492	211259	2
fairies-talking	ogg	674825	309ad4dce53f52293bb054396e747ac775deda194564931b0444ec87106ed3fc	96	1605048	24aea1791f49c7c43cf98750d344b797fd8f6344385dc39c836505330625a181	110069	2
faure-berceuse-op56	ogg	2085710	0f03a7bcd856c01a4534ac8b82b9b512df6bea5b6679c089e9f20786fc240235	128	4163843	cabc98f2c6c19208404a174d5b182ae7fdf817877ce0761ed7fbfe671c3fa88a	214631	2
faure-elegie	ogg	10821110	f4256bdccdc7d7ac0e547f571c6e8137b8de8cbdd604bada417a7cb89ab5ccc0	128	7451153	9ea6cc223106e72665147a24480762dc46134ea0a7109cb8489b3eb177fdbc14	425679	2
game-bgm	ogg	3997545	1b18c8e9af32cf05efbda0d40d22c822dad328b370d8bfcd70059e560d98cd40	96	2952106	62add1cb30de71e216757b578446daf067421c6e0af7a45cd28d29fd9a8659c0	237209	2
gaohu-linked-buckles	ogg	3084323	7d039d8a9b720237e900ba1c6c244ba307eb0af5ae78b9e9b78d795410010a0d	96	2939236	85ce293b4bc858fc5aa8649396ee29c73f21ee8e0591f2a681ba40074edeed53	225430	1
gaohu-rain-banana	ogg	3413542	63d4a70bf7f56b06d4c3c800b8c1fe5c974d6a320209b2d4a8d793b919f51b46	96	3335265	0a95c08cd7541a061527e2c710dd3b572833829100f8135de6ad12f0cf9c894b	254567	1
glazunov-menestrel	ogg	4198169	2e26d733bfffbd489b1c2447a3780ca908ffe0c6d790f9fb47a7c465fc7f6fab	128	3824474	6e410564240c5dd65732b4e26be5254fe6542448b61fb13887628bc576ed508b	232041	2
grieg-piano-concerto-adagio	ogg	6913372	7f96d1d15f77b9078bf3ef1f0aac37c6b53972bb3b1e59a9f9aab3d7c28c090f	128	6357901	e128f4afd0c5d872acf5f8427504022b098b52682d0db384faf2e589c16d605d	381177	2
guitar-anonymous-romance	ogg	3937515	d85885d97a04f6b85eae032b93f20b941470d7356ee869c7a90175b5ea43f3b8	112	2604780	2199c9db45e188d1c212073e03b6a5710d13009711b6be76c56d4515fdde9019	167167	2
guitar-el-noi	ogg	3756409	71d69f132846a8470db88554b7a6e6665b8f53675911d0c5264e56cfc6a73b07	96	1711190	0d32ec8326995d0314f09716513a2db3701982524438eeb3c3f2f62e27a6418e	132665	1
guitar-pachelbel-canon	ogg	2264836	a0898ca3ab01f54e4ea7f798adee48ca88fad34dcd2d4d577e65868a050e3ae4	112	3254967	551e1ae505317a54476d7ec3c97cc38d71a99ca47c1733a1dbb13e0bf85dde1d	201074	2
guitar-solo	ogg	558882	d6ff6cafd3025db2e2215b32e3e7e6411fa08a8d2e0fca7c3353b5a4a82523a5	112	623690	4644713ff11e299c07ed10dfa77e635aa2c47a318fd9f9ff5008f935d187861c	42014	2
guitar-sor-op31-1	ogg	4299100	c29382bd4dcd109c0cf2e1a6d287100ee3f63f5b79ed4cae4016b8b30a952662	96	1076295	afa488873eb2e03bb28c6f7804ea35a18fff502e680c7629c01c4ef8fd7c6093	81185	1
guitar-tarrega-gran-vals	ogg	5166199	4aaf0b14d7aa79f5e11500217ab3272997c8aff89dfb5695565b1356dfb846ec	112	3373794	4f721a80cc5f554f37f3bc37492b32d4efed341dfaf3858a929e7ec35822e1e7	182325	2
guqin-yangguan-sandie	ogg	5390794	a8ba709b4f2642a9acb6db355896657bf03cbd441832828d84a8477198188d4d	128	6180211	25229efa7042d5a34cef89dd952740a500ee738c7d48660c0f55cfde6d10074d	350102	2
guqin-zuiyu-changwan	ogg	4412744	047c95538c2b37c6bcc4f771b9a804981dff408b56b19b6800fd78154f4bb7d0	128	5075289	dbb0ff17f7f8da3a91ebf51dd0079162380a07afba98d0d268dd5d9a92860dfe	286964	2
handel-fitzwilliam-three	ogg	13479256	85793164d689f7d5576f654f30cb4e4952a2ed56b4c5e953e99bd834e1168dfa	128	12028104	8338418782333858fb62d641cf591ea37c3a72e60f2e310fdb8ef70ae79ceef2	666299	2
harp-meadow-thoughts	ogg	2396007	9c55cfadb5acca6ef9ca81bf89d343b13f2b09984d45ae520cf877f1f9ad4404	112	2243347	644e385c5e28c976dae9ecb5d75dc3224cd834d904e9d82025d86030705c294b	149753	2
haydn-lark-one	ogg	3674746	b355d0857ba7ef6f235fbac9b758c4978a7e99ea8f0feacdedf2cddd876bf7dc	128	6626157	d6b719eea200d6c60743dd32ceb0d3729572e657c9e195b647c5803d7beedb0e	371684	2
haydn-lark-three	ogg	2203460	f1d11420a169ce2802510a110fa0b6d03c047beec4292fa4c8a204ea8b4dfd78	128	3919395	a6ebd402539eb343ff63707e1ea884a53fd68effa8010b9a4bf3342ddf56d964	226630	2
incompetech-starry	mp3	8055149	2556b917bc6dd030ab2f300ff581cd2d3182e9254cd41ece67d34d5560ca95ab	96	2780183	2f8b23b156ad30f16408b4d81d1912795171c7b7efd100c3002fc860c8cbb906	198446	2
indieteur-revelation	mp3	3395007	b6111a64fa948e76b01d08fc5de53177885a8d8db0dea65330946760892feb43	112	1318671	85294ce54960dd047f7a03c2b2646fbed03f5576e94a17184308b6ff78707085	84817	2
into-stars	ogg	98076	8ae933cfc8f81cc5b2f5b545eff07f41e56e6768f32c23ef79951892c25b61df	96	348708	d3789413a532ac4bdbb59545a2cd5ec18153bbaf15c83a026a26c6f2fbd08d59	17073	2
jazz-avant	mp3	1752502	3aa42a82d81af252db50d9b128a27b758d4454bebcab0c9ea05ea2563b654083	112	729403	1b8553196d3d49ab6a4428ce50180e5be6b44fdd27245e09c1b9059237f07ce4	41386	2
jazz-brunch	mp3	10341722	9e980a5a5ff7663d7f5ac22209190f34f1df465c5a6b588dd2c0bcbfc217e380	112	4992558	17a50b9260a7633c4bee7c1986e04dd309fb23b5251f46d075c34909fac110e0	323056	2
jazz-dont-care-blues	ogg	1789843	5e42f06c8820739e725464362619391bd1a4fb785409ad63567c21427a6ab746	112	1975423	d92e8cf6ee2954504365996337a3fdaf1f8513af8bade9c93e12e76c0dab3a72	192247	2
jazz-memphis-blues	mp3	7233645	93ec2768eed7ee82ec7837ef8e3ce7ef44b8736426bb6904c3c2b7a2363119ae	96	2474717	e47d266a1ee864a17e76556d9d61ff546cb954ea5d7503ac57da9bfb5730f1a1	180782	1
jazz-park	ogg	2088081	33ab712df360103bfc7b70b3626d4a1e7dc4a925319e69ee6534cf1977ef77db	96	2624870	15e8ec00ca2fe5739005d58d0a0502c907d69e348327d5335e30fca8d384c847	205730	1
jazz-samba	mp3	6070802	d993cbee80bba09af9c0b7eb92df80729ac68940059c6844f60e7f33f25c5bb1	112	3712661	36ce8b707a5ad4f795d1320d23e05037dd29a32df2aa6f7c9f0ff466c70a3a4d	248536	2
jazz-simple	ogg	1369162	97f967ff80cc68befdd3b8b195e18219e740cf7036ce8d38d9196765f4e59592	112	1201102	99c674901e8138a21f1a83c6dc696d3447b4feb981ff60698bf5f403572bd7e5	72009	2
joth-contemplation	mp3	2405271	283962d3a975c93613c46cda30c9f0816176ae3e2899f961591a49e2d41b4bf3	96	1969370	6f5129d04224103b25405aa4a70296eb9430aca631174fce36afe0a3c7684964	120006	2
just-as-soon	mp3	8307097	12018b3314e61df5df9f078f9b5415f55b7d553520641eaaa202ee6ae98ba5f6	96	3010965	540fc4d134bb05f6af5f2168b85b46b83e1fb6d73562a17a0d9c8544577e8d07	228108	2
kumasi-groove	mp3	8440244	93c14465db03b6d8b8da4282a9252d739463963d32c30fd21357fbad28c26250	96	2879253	67eab0ff832659a517f1058bda6e87ef5357a57aadf547cfa33089dd87d91baf	222622	2
lofi-again	ogg	2419417	d3b3410a186d45dadbcf87a8072b5a7f3b3f5a11fe38d9a7e9bdb3f66d5d86fa	96	1101774	e6930b91be7a9e209feacbec0ac06d315b4be6866e0abeacd49dff5d7fd3e1ca	87819	1
lofi-caden-currie	mp3	1411447	970ad6e607231cd0b86fc98e534daf3909d45fefca95b143b78e03b8d953013c	96	1098295	7866b02e52ef1c11b906f3e231858e1b06d2a62921d008a6491534e868d2d631	88163	2
lofi-de	ogg	17617	b77045a9cb266ab078de8143d0b053d91bc4c68ae8efdb31ce962fa17b67e8e9	96	21795	d1129a862c6f40550890846f685b7ab91859e8edf8ca283816020c0c830f128f	1799	1
lofi-hiphop	ogg	1532926	8641e8203d0e7dc06db0276b69fc15f59e9f45faf76d2d647bc076a3339c1ef1	96	2023513	14420e3801c3cd73f9aa11ffe8c15288059903fb02cd2775029a3b28c68dfe9e	150136	1
lofi-music-001	wav	43964336	6b0d6ed343c73ccd8d1adbc93643e7c53438fbf2942b20d72f4fdc5051bc1cfa	96	1945071	8385762b10e1e5530a819cabac7c981505ecc9a1179687fe72425e70534df831	166160	2
lofi-perspective	ogg	2817261	35b2557f2f0ea17d046960d204c6ad04e859b518b9fe7f02c91e9b68215b0825	96	1949981	6319fffe7e4c5db27c37390a86b01a0e23c26ff85bf54746c94cec94fb2a4bec	137286	2
lofi-upbeat-raspberry	ogg	2907813	a0a38ef1990bf98f82bc1d915440b951e0dce327ee8a2efd49562557a3c390c3	96	1693203	6535c1cf6f25363b4d1ca51323cb45b0d08e25cc106b115b07f91c4350674f27	133558	2
lyrics-auld-lang-syne	ogg	1943425	0d277de969ce02959923ec32fd94897a6791cf183fd954198d5e02166e36fb04	128	1879117	19510f4dc4adf5a0007ade3c4f690cf7612e4bd7e365b605e415ef55928d7e62	141555	2
lyrics-debussy-ariettes-four	ogg	6246864	5dee2281e7e9a15150fd9c5ee813983f5f46daa873a21c9fc37e07e1dee50733	128	3310061	d6d24cfd807467a165cca1052805d87a52dec995a7233872f1381f169e4de887	193186	2
lyrics-debussy-ariettes-two	ogg	5037698	d0c9e29ccee698dea830f3e3b7ac4fea7b8268e32ddad378d92bd3e42e9ead6e	128	2678525	ccaa78a55c2ef2adea102697854e815320461ca5ca4d447b3a1caf2b8c1c6a70	155811	2
lyrics-frankie-johnny	ogg	686626	42c595a61087df89d30857bd8069006f4e165d73e0dc49c62b90d212403bcc75	128	1819363	e19cd39cbaba2547337affab40c10e611d4dc0b631929ac5b6dfa027d89b951c	106049	2
lyrics-kentucky-home	ogg	1359436	c042440c665514a47b3483e6fb1c512bb76b620231bd5020f5a5cb4b707df7b9	128	1839994	87959d856235e44da893408ea4d396dbafe734f88dc387b081a660ccf7593118	110351	2
lyrics-mozart-luise	ogg	1682793	d6abb902f2e43419b8f68d28f823dcd11a76ef374c02a564d4f66f544d0a7661	128	1670663	19ec53c28eb51dfb514689e1e3397a1e774e7f336896e070e9de4ed309739e7b	95332	2
lyrics-mozart-violet	ogg	389419	2f7b6c238b6028723c6f0f118cb4410d18ab42db5fb6607ca07dcf78ec9f6cd2	128	504880	54a022b445aa7dc722865d81afb8d04b16f1c9f49f2062e98a4fa4526cb48c46	30009	2
lyrics-old-black-joe	ogg	24371181	cad46b814e9cefebcac12f41a5d5d7074cd176d298e8cb3b8da7a30bc0799a4d	128	3868692	f459c5e6356109af8e9af1eb964487fcc9d93412d3365a424a2d099b155aa8b0	217671	2
lyrics-old-folks	ogg	3793472	830f8f228a9d0afd785ce19f8917110d0da4dd3b5ecdc7f1f9a6ac30ca306918	128	3370672	9be1db3fc6ddb18b15ededc3c854c156a3949370e41a825a5f526b6ce195ac02	241964	2
lyrics-perfect-day	ogg	1116270	1c6da3388654291b5790345e17b4a819e175ae15a9f5175fdfe7cb8ea591e0bf	128	3889272	476b144751fbbcd02be681f2256a4b472dbc869e58ddbe1a1bc443caaf051ea3	165757	2
meditation-impromptu-one	mp3	7042622	ac1332a12fe020cbeee206c7f33a82e29109d5ce63636e3302454e3bdfc36187	96	3288263	931e7a29ff80c957eb28fbc15ac3e21c8acd5d8545718f253c2d478d5690a252	212800	2
meditation-impromptu-three	mp3	8423717	91a74559a209eeeb6c8057bd3403218a39563b6b148a015d7d3c2c8204d595c8	96	3878811	53078726dcc9bdf6c16461de69684c9e939dc071d4cd00c311259de4f1fe9a99	255223	2
meditation-impromptu-two	mp3	8261798	4e7ead76cfdda0979ff7d771fbbc3dbb312ca80ce25b78f3cdcaef07fcc7c2da	96	3873296	aa44854a065a1734e792adde59a6bdc12aa8ab693b509e3b5dea3ae12255f191	249084	2
mendelssohn-nocturne	ogg	8022589	d72ebd40761d93dcd6ae40249f2d662655496a4af191e4c0661f2c6933888459	128	4310961	b767937e9204b94296f8466b74d089a5fea32e37456c0c68a0833f74727093f6	314059	2
mendelssohn-scottish-adagio	ogg	6257715	d0e525481f773fd6478c7e3f09c5d760348a7fd22a2ba425a7ce313f20ed6035	128	10096303	1a9cbd2ad52d916c18aab673146c909cb89fd9cc3124cc881cb4e3d1e5c56b20	571960	2
mendelssohn-venetian-gondola-30-6	ogg	3342218	98f975197dd911b7c9d1800115866d1bef87efc3e54f7493b6f66ede6fd3e844	128	3454848	b106796ceddeb838f28e8434af9c7bcef11d629014901c5254c2072de97ae56f	185818	2
modern-piano-almost-f	mp3	78644096	9c35f03fd6a747baed3f6a7e0a39fe43483f174ad80aaad73cc18e8472c50641	112	30260180	9ca7da5f23a15d26257076f7cd964d21b0225e39a2341b1d309948057b8529c0	1962006	2
modern-piano-at-rest	mp3	8264831	ec30f84d2acd6ddaefbb16246b050ba89e26e7396a2d48d7e0d0eccaff51f141	112	3323542	2d053eccbe8a16d0133b66084c60d58c3964b730aaad91b6fc4a178c4e5593cc	206506	2
modern-piano-clean-soul	mp3	12271405	458868c225cf8f6dbaf17300aa2e0839386991be8581d0218554699297d7581c	112	4889082	5c930e53a53259793de7a1bb7027e5e58f1e8159ad7db1f048209af2485ca163	306673	2
mozart-clarinet-adagio	ogg	5617366	319f01b02cedc0989098775c248985aae381cb7aa269535deaae387d0a2e4d1d	128	7648916	14dbf3e8b2e5f95fb87b7644cf53c4ce340f0a493b66dc8a6ee7c89056a240a3	435314	2
mozart-divertimento-113-three	oga	2023064	433bc62d63b4c06b09451f0300a09ad59695aa4daf586db2124eaa18548cdd99	128	1776618	f08d65d34f82a472de6b7644e0adbec9508fe76cc97de006120a6f4b2671a388	106886	2
mozart-divertimento-113-two	oga	3660540	33f4863735ddd1018032a37dca7ee666941310751fdc63d80138ea46c347ed84	128	3490228	1b4e0baeb69f2013c4bd4c29a972b50a9e7c8a753026f9c76f786f15cc1f15ef	197916	2
mozart-flute-harp-allegro	ogg	35912829	6ee065591d74ede808959735cf8e81f171755a3a4d7afeaf503738b7a6d629f6	128	12795179	c893c9a93c231422be6f9fc63111cfa2d2d4ce0db91b2d22103f7d3b0a6ee9d1	728503	2
mozart-flute-harp-andantino	ogg	28988135	e3c224db6682ba2329aa8bbfc362887b2f7d68bdb44749ed82d1fb1854891c48	128	10226418	529ea6bdff19130165ac76dac1f97fee39b2b1299a8a9116d1abcc18754a6897	579263	2
mozart-flute-harp-rondeau	ogg	36074673	e6a646e5d0b43c1600ce04497fa59a47988a6a9697671fc0aa8dae1b938318bf	128	12833374	fc464c5090df1eb94ab7cabf3fb66565f1c4d36a7673a5cc42548bb6a0d318af	722436	2
mozart-flute-k313	ogg	10718019	59bf3b59eff97be839f94511f0738c533a8d567873af284d8a2672d25a278d2f	128	10684354	76e0597833d58f27d030576adf88d6c029aaf13316f04c854e157d74114ba10e	644032	2
mozart-k421-andante-musopen	flac	45814596	944b6a75f252b60d1054d81df4bbb535660b817ff956e39465834c661385b996	128	5580126	404624ed5d471b068b0d9616e61792dec91e84e5602573e6831d0122c2706bfd	315218	2
mozart-k421-four	ogg	9634121	2b781533a17f8390cadcdf458eae3da331ce6f932cf061b89b6df11ddb7666aa	128	8725823	4b1d66e62b5032e22702379bc2cf143ff1630192118191846e678ebc377f3eef	505796	2
mozart-k421-one	ogg	9892162	8e271c205ee37dda22eda3f33f0bbe0eda52c522f1b96c7cde99ca4d4661501b	128	9000802	c4013b3843160ffc9d30b5f2da39a513ef6dbe803af1c7c88c01d42beb7477a5	528100	2
mozart-k421-three	flac	23817115	f3ae97ff96566eb99f8f26c0d1ebdc421533622ff23700e36c268f67a8ea1387	128	4429982	61a528fa95e6db6bbad92d824e1cfc9d3021f67d51b29f81310ebc0adf5fe8b5	253593	2
mozart-k421-two	flac	47104810	472ada51d29e345f3edde33b0acd8e4bd75fcfdbee8928d983820e5b28819392	128	4316462	59a448f0aad10be36f41e231197fa31e32b1182228a56595c9018c6efc5c8e3c	255326	2
mozart-k465-adagio-allegro	flac	83398705	4e1cddda40b6a609d62a648680973ab1fb7e5d29d18b895be0a28aa63c4f22ed	128	9225578	ce41cd042247d188077b538cb06f8ad73c34296f7dc82be7d0b573178ea911a1	513159	2
mozart-rondo-k511	ogg	123655	ed6c74e683eb712dd227ea620aef3c5e942a114b7b79889e36413ab97231ac5f	128	105117	3eada37d54164aaf8359e4a8ad757b51f87b22c59bbed914f97905aaf4211655	6057	2
night-docks-trumpet	mp3	5967513	0a02d88431244f60ff3962edbc3b5cc333ee887ec84a44146ff335c1fdcb1bd3	112	3049864	205bd2aa7e98a670e3e0ddd363ff950a86f1d492254c5188dac5189cb711c594	174060	2
not-that-east	ogg	884318	61df92c237baffb16631996ef36bc047d3c45c3e26d6578cabd413c7d341e183	128	919435	2ee6163365bc0a5b0dadc00ae694a422472583d214fd117eecc828cfff9a8b29	48009	2
organ-bach-526-one	mp3	7352809	bcc43de3c387a9782cff4295cd89d0b3246ab36463e19bf0e73907bf46c4f2ac	128	5199607	3764a84e17b8750b6fd7565eb08b842738729671e5b268142947b60356d04ffa	237766	2
organ-bach-529-one	mp3	9727057	f62330a7ecb30c6c89658da94a8e528d6994fe14d114a03ab5471bd1a146a8ad	128	7303619	db32055a9c2fea46291de0b1bc371a983d05b95a06b4994fab239ea4900ffcd4	335940	2
organ-bach-543-fugue	mp3	11806181	fa1c7091e49ecacbdb7da05bcaae41de35f6b739e81e1027d6a6b2dcf43694dd	128	7776316	1919975bca19d58d731cb6a18bd994e287d46da9cc5b84dca850c3d86ba6234e	384180	2
organ-bach-543-prelude	mp3	5932890	3d5b176935b514a9bb462122ed8a321b88d7fc92d7c5550d8d9ed5923b947d2a	128	3904839	e9cbc78f847ee4db45efc0c617cc232a483f3bf74d3a79343c93d0b3860490bd	197633	2
organ-buxtehude-toccata	ogg	8807896	55eb30f65d396b8e590416fc9dffb6237d40c42261eade3c4c075962be772983	128	8923644	7b6b3d1e4f0890178a6908551c135c7d3df6299592c82e2b972152aa95f2ab5f	453537	2
organ-pachelbel-chorale	ogg	4475585	2d79def270a35403fb03755d7c7c716572965fa548c9bf91318b131a1c3642c0	128	4436357	3bc5dfe7b39aaa6e77449bb1e4f2ab959494763eb77a8a9e88146f0cb0951c17	222301	2
organ-pachelbel-ciacona	ogg	8634042	0badca1e183bd1bcb2a81672cdf8b947552a3c82083d6ee05fa11364a4abf3c1	128	8888479	6691e20456f522ce74ef68d1abb2c701235e9c8a364afd0f1aadd81877fdb2b4	444943	2
organ-pachelbel-fugue-13	ogg	1351672	48da362c207d4bb21dc6e685c78171c4b1cbbf738128a504fc6cb51a021b20a1	128	1698450	18f39cb6fef2fe56b0706cb14bc1baab0e9cbf7e812be783fcd5c4fc24aa53f9	83131	2
organ-pachelbel-toccata-e	ogg	2156163	1dc4c09b3d3c24892950c328921ed78d091e660470c00cd5d08993b749d59b94	128	2037812	87cb07ff256fad17f5d02e88672e41d9119b03691bfaae2b93101d36c2f94a13	99643	2
organ-pachelbel-toccata-f	ogg	2863132	ec71bb0e1084ee4ef1757baac7f9a55b5896027aa61e826e1f2f43d9cff4b8d0	128	2919619	e694cfc0311bc8ed7d8572af27f0eaf86f88bce7ed70440a373ce286fc761954	144780	2
pachelbel-canon-kevin-macleod	ogg	5592927	e69936e8cdb1b3e115e4d6a0501b03b732dcf55619b427e9813336200969afb0	128	6115928	a24db0d0614fb02b21846592b31c9c07ab327176ee1d559142688693508e9385	355638	2
pachelbel-canon-piano-galloway	ogg	3825619	dbde7ed591f33e3dcfc941bce6494ec74b523a955d8c7342224290801e68d195	128	3358748	e5f2a50e051bda48618abbdf06461225180782e9c1f3de3aab9798d33e3dfe6b	171085	2
purcell-abdelazer-suite	ogg	25865093	ca1a2fdf42660ea1c5d1e49e5dc7788dab0966b224e7600a62928903c36d9ca6	128	19488663	97bd3660c63512a6e3136b69c2f436f22b81bead434218e1af07caef6c61a925	1023076	2
rameau-gavotte-doubles	flac	30736119	873d7dd4193c4073ca5a6d28f73b5907c0fece829012e216e3da5d59698877cf	128	5916410	2e1adbc15b0c7b53525ea7f5514b9f9478eca3a23a916b35e29ea93e00e28386	407145	2
ravel-pavane-pd	ogg	3702044	a3cecb1ae5d5d1f95511f9e24e2b39f32811c5c2295cd89c3b8bb90cca52b06b	128	5478185	cfa0a994a4b9ccda3fe033d49d9772203d0dae882c603316828ab09e13c6ce7b	269779	2
respighi-intermezzo-serenata	ogg	1711725	ae5ff974a39fb8954e76873b15a780e016d21b20a793ed3ec6eb1a5c37b21417	128	2613675	b5cb32ba9442055af02f9d6f7c4b38eea9b7b959bcd127a9af2a2881c571663d	145903	2
rhapsody-blue	ogg	25748734	2d5396ee73c9bf337fbd652e558c99c44ad8f36e204df5e8758938a4b8955645	128	18805208	9e15fcd8ae9ce500c815831a82f5904ca5b6e583c9ac6278bf33aba158482d23	953787	2
saint-saens-swan	ogg	1770120	a0237df829170b5c2dcb32b525eca1e325ef86695e3f085cf84aa32c6922ebb7	128	2475136	950acd82dca16ce09e15191d785ab8ce057f60a053cfa770a2bed09e2cc7b850	176217	2
satie-gymnopedie-one-macleod	mp3	7487656	8cba6bb3da51066ad39520ec218a327bb6222d8fb32bc52f28a1e90b67756f70	128	3540502	15475895dac4e4b4c2a5f0bd9e1f30e5cf3ffaee0f44c6a91d684252bd175400	187020	2
scarlatti-k159	ogg	2603735	835cf2229bb6517569d22bd2f594e43b89fd50fd7cb45e44eff12ea8b56023b7	128	2550091	a6ab8514e41f3a65cd3ac3e22b86dbd264acc69972d077ebf573b33e17de3910	141449	2
scarlatti-k466	ogg	4803250	fc1e309d62c85e181c32a0d7e936fb99c5f8e190938dfb6b2919d288aef1d4e8	128	3936797	a0dd39ec1f5f9069dac181fb75bdb3f5210f5492539bc2114faa5c98e7e6af13	199776	2
schubert-impromptu-d935-three	ogg	11956251	ad5c2a41064bc5ac3eba25b1c47fcb247e9b5d531777401b3e089244a4631a1c	128	13282734	c8cb39bb6bc14a21c0eb4471dc8d347f74f0d3f26e1567626b0d8b97ea1f0d7a	735827	2
schumann-kinderszenen-one	ogg	1688427	c8eab1bc240b5ec5cd5c338c2e628c7849775963aa0986d9fa01fc4a6b18d469	128	2248245	dfba1560fe26fe32e7c4de42fc6f627d913776f03fa290898eca9cc8ed9ccaef	111892	2
schumann-kinderszenen-seven	ogg	2892811	bf04d6906d50f399ec62b7cf8650fe0414d684446d6a0ae2053a416d6515deb5	128	3916101	7c5bbae23c31fc6d51e977f34336ff7da94542431d73a85b692eff4e01d7262d	203007	2
schumann-kinderszenen-ten	ogg	1726776	2604c079a78387f5d0bbd43f53ebdf56c2b13d7b838490d6baf8b03c0e003cfa	128	2306898	666bd7402095f20e0d0f5a82d6edba25996498bf28f6197794336772e8e813c9	117430	2
scriabin-prelude-67-1	ogg	1962358	8151a52299770202a1b4d001837808529d4e6c49c78786feac1bda3d4519587b	128	2102356	5194db86ce7128b9e2c64524587a68c5f270d4c5407c1ff381f5f261fe10039d	117299	2
small-fire-guitar-loop	wav	16934546	1cb42057e724224d6047f651b95598f5c094caaaba47f6430dd5d540c09c4414	128	1222886	a151b881bce7f45ce522e14ff5c8f58873e903a2c237d54ddb912006f8d6bbe6	64006	2
smetana-moldau	ogg	14631020	6ab588f40811664fc5fbfdf42ef7b57cc8c5f3005a0e2c2979585795c11fe6ab	128	13738472	f3c3b7ddaad0c3811b8474fd8e8cebb1cb4a5a1b93909da14f60952fed91e937	890707	2
solo-piano-four	ogg	1158279	d01447031ab85747d76a9492895cc1121fb8cac2fc0b38fe3f6c8d1c2110feb0	112	3595613	90345f0798f81137b3b42033bdb13cfe201e78d50ad5f29c58b93579f017f3ac	198822	2
synth-hiphop	ogg	8987157	0a85df3432989ac391808580c5bc22af28f956bf7c365bf5b963d79cd02ac457	96	5518764	cf612105f7b69cd7296cf488f816280d5cf8a1be1fa2a6966b8ef7fd87a85123	375010	2
tchaikovsky-seasons-april	ogg	2403225	f756593f996518c0ebbe7d6b7e28cc4f4e276e5c517f5cbe0a14fe5bfb2ba959	128	2352202	d038259d1ef8aac0da0e70c470b58dbad7af479b3b7ec8d8fbcd11f00b841a25	128951	2
tchaikovsky-seasons-august	ogg	3641988	96df546f68ab8abc44c160c995e68ca0091edf75a8e1f8e0443d62682388d2e1	128	3465141	2a03c15d8f067091e1e5b5050389bbd36d9482923bb7206dd0f1674d2c96017a	191958	2
tchaikovsky-seasons-december	ogg	4594405	ff26bd1d26ad74aee76d53638868183090deff6245774b76082d139ce8fdd859	128	4399047	731d31d061e01710682a93a27846995b6b688eb80e6e9c0cf290c7d7c345563b	240044	2
tchaikovsky-seasons-february	ogg	3162007	a3a42e5e8ca0550fbbea9c01250de4611fc8e24be78845892a54c4abc43b5499	128	2962729	3b020c0a08dd28c52ef6d3ea64d9de2b51476c98fdc2ea2d46df8e8bfa1f169a	163551	2
tchaikovsky-seasons-january	ogg	5285787	1abdb825ec8b6773a97ffa58fe4a7f18bb7ad0960c34d743eab9ff949bacda25	128	5172102	1b4c25c36125e25e557181e0730ccf34f9dcd00c3bd57d36673422a6ecbf9f5b	280795	2
tchaikovsky-seasons-july	ogg	2139923	018c3962b2b756f79aef7118fe28de064305ee134a5efcca9872a4796a2d7a91	128	2088898	b05c0d7d4a9ea5566e02d70a80ce85cd06ea52e66760f16e9d225e3e8823f442	113074	2
tchaikovsky-seasons-june	ogg	4415625	9f8f31219013e8488a457008078d717ee70b1d4012281c7988959e0d2011e948	128	4290117	ef932b116c3dc53987365f8ad223d2cc9bc01649d0126f76afe09dba20e3fc71	231362	2
tchaikovsky-seasons-march	ogg	2607025	0c659e41adca3f9e4f34c04714cb6b474ddd469bba254fc0ed4807814a9ada7a	128	2488325	05f3539f8f297c935bb5ea01d929881f674be4e3359786a2f4b264c9c3a15ea5	134838	2
tchaikovsky-seasons-may	ogg	3631357	d66a375d2838d1b155c7b1c65f93f2273e99d49f03dae323ae13db52608cb9eb	128	3607957	834135c8218a8401068ef93ae826cc39760b285f05d82cbf9d78ca3a6ef13555	193744	2
tchaikovsky-seasons-november	ogg	3353954	7ef49a311b9d37925c9f598d058661697809f3816183c61e309f07512a53e3a9	128	3304166	feb320c7ae1d733654e6d719add0da0b4494eeaee230134a3e2bb3acf60c18bf	176976	2
tchaikovsky-seasons-october	ogg	3560769	018c84e00d23d85a8a852392bd43234574f7622a94b0f8bd599824e1f4e08bca	128	3473328	ed8ddb8d391d2edeefccadd49236240846e7b02cf9c9696a949507431f421bd5	186477	2
tchaikovsky-seasons-september	ogg	3208540	96f473f9440623f1afa99337be802d8fde928748dd9841e6a0dab759c0c7a96d	128	3142661	06937844cd8577820db330da6b795ca0409a95ce689fe6475d309dc7e2e1efd0	166429	2
tiny-movement	mp3	2065946	ca348f3462edda77207e8abceee5171fc3ff52a99292674fdb02fca4eb6bd431	112	1909114	b74206895b894eb4a045952345d4e1418df99f84d7f60b8010808464b75da299	129417	2
vivaldi-double-one	ogg	6258533	7f7fcae1a257c679c08ac56a0afb502e6b45524215a6fcfb4176b8e94c3ab02f	128	4077123	f522520c373122618e3505c0f5e8ff7cfb6c102a443e21f2c642a5cd4346a319	236739	2
vivaldi-double-three	ogg	4111760	6e14b371d376c7a3076957e88357b3c3a041d64f1309afba5d3485dcf100d7c4	128	2614151	52d41f4fa16d9339fd020bf818181df1fcfb57617acffe8035b725bda26b907f	146394	2
vivaldi-double-two	ogg	3682846	ea068ae79ae614b7aff1f51d409acc5257553856a7c17bebb5d7782764e5cb52	128	2528365	792646b66bb1c47afb0e5bd788dd6f1b824632f621665bd82fd0a34776eb331f	134249	2
vivaldi-notte-four	ogg	789139	c8c98afabb16893d38e1f13562496ca08f80a843bce0dedfe3fabb14c47940f4	128	871414	da60371a0a5bf3c49993a9c48c4b8f930f5c2adb93f49066a74dd6d17b085f20	57303	2
vivaldi-notte-one	ogg	953504	5c852a61f813c624c0083dac24f6539698f0ee9a09ba33a2eed9292d0611d9a8	128	1031949	e7fa72ca0de7879361d3e66c0d23ccd14e9568c59c217572a313592e2cbcdbc9	70609	2
vivaldi-notte-three	ogg	624021	1bf8b217da6bccc9582935f09ab1816302b0eb38f488f955caf579cb96884898	128	727972	7c5e49c367ab37cff91befc688885095fc8b93f71786a8708f6e55c259041fd5	45183	2
vivaldi-notte-two	ogg	656638	2614f876e211e22c155ade3c8232afc07e7234ea028d6d3c1ba13349ecf36b59	128	690254	f29dcc6711f19531f7a9b8b207700f04e9a6cd87c8ad01bfb69e02aaf9f8cc7e	46689	2
vivaldi-recorder-three	ogg	2722779	e48f3ae3d4fe7854c18059ebbbfeb3da025d777258bc25a68fa43a449e0a7323	128	3113311	e573eba4654c66a51d25d0b773ac3a98b78c18280880d451963efb7491866d35	201609	2
vivaldi-recorder-two	ogg	996067	0489453cd00e357310b758a52e1d2ba09dbb13378a4e13544a45599c6c873b19	128	1714507	6a18b60d8c619dacdc1385c3d6f42d07a7be043ed7d0a18be1e851fe8f7cc43e	83729	2
vivaldi-winter-allegro	ogg	3653114	60d2fa4fa225fdbf73859bea257f7375926860d0116b0c0e0aa9c3026d540585	128	3271601	8abb1ec36fa59b525cb4e0b062052f6cac954e293d6e78cadb9b5522734d38cd	193009	2
vivaldi-winter-largo	ogg	2544381	864cc8659495369ede90be6e82966a88419450c81853ce7e096c6727e6b75907	128	2431153	184450a93aa53f05ff7983ab1c0d60491a5af689702f75a265947f1837c8b6c8	132343	2
weber-grand-duo-andante	ogg	9700637	4fdccb8eadf25e32126ab220b0f8f2cc0e4dc2792853c1da7076055840b789c0	128	7129387	26516b296f218ae901c93b8e08d66755fdd55edcf4b6d1ae2fdce4cd9a51b2f9	383075	2
white-lotus	mp3	82867838	9d66f2eb0113397f9d9aeb6c8f385a82503aeaf8fa84c7ec9fc568189307294a	96	33754051	71ccaf823625fa299db28fbefecd24bbd0c3a00a1b86c09264627caa676b686a	2071593	2
yd-searching	ogg	2113188	add2ee7931fd0c53f2804220e7355b10b38dbf5ab2b4dfdd415b61d8e14e51c8	96	1545129	9309f1d76771e4b3597b760e0d01a0ef64a748edc6afb21ee0616082bcf41220	104586	2
yoiyami-deep-blue	wav	45112360	613d462f5229568ad98dcbe870036ccdf858f5ae33c63386cace86548809cb60	96	2977797	0eb155e952b0eea687b1d39908eef518d7707ac465afb071e525ff5c455d1c11	234966	2
yoiyami-first-light	wav	25290280	f0538a1a67450cc1d5e305fad5bc0d5d422ad809f720d695ab356e55fbe40fc5	96	1923917	85931472b1164036dd242f7de179c5807a1dad03075559334442429b2fe6403e	131726	2
zither-strauss-woods	ogg	827820	52bf310622427b82f571da414dfc06778f51cc6ab43c25ec94b344ae407e68f9	96	815716	6136430821cc7b188335927d3d859b5ba8ffac65b88ac1ddceeb947d6763796b	64060	1
