track_id	ext	size_bytes	sha256	decodable	duration_ms	codec	sample_rate	channels
albinoni-oboe-one	ogg	4294458	9ce25f383f84b5d30ee1bbe1f9a4b76a83c47c435afa940d468e75f69418860f	True	229620	vorbis	44100	2
albinoni-oboe-three	ogg	3751918	73c4dfdb6f45dcc7e7e7e4785610444d516f7ff3b95ce6a245e18d75c477becb	True	205320	vorbis	44100	2
albinoni-oboe-two	ogg	4544115	973d4afdbff655ba428f161f4f6326adc0737693720322058c0987ee7a9e4c0c	True	257750	vorbis	44100	2
ambient-brenticus	ogg	4504688	e8a2751f2a5032529e84e018e4abd190e4167556038acbd224ced4ad219def8a	True	264670	vorbis	44100	2
ambient-dance-zeropage	ogg	5531951	32e5876fe9b0a2087d52ed4b0e6a97cf6055508edf11d0a8edab530b7efb5a46	True	228750	vorbis	44100	2
ambient-guitar-dust	mp3	8424318	4a24adedba90364887322db6df0b9c365567adf7ea96bf83aa95188b7f29f6cd	True	210550	mp3	44100	2
ambient-india-zeropage	ogg	9511526	fec9a52a9b958e5fd7c0c786432759039ebc4e8602f0f9db64513d2eee31ea1b	True	386180	vorbis	44100	2
ambient-pad-i	mp3	1798394	12ad0144f6ed8101d83d70533586ab785094a7aeeac89edb5593cd165e0b2006	True	74840	mp3	44100	2
ambient-pad-ii	mp3	3254773	5e983cf072d2f7aa81a988e195b46eac737cc0e733a211439c31f3fd96cf1cee	True	135520	mp3	44100	2
ambient-pad-iv	mp3	3543165	7d4ed1682cb26c0376b92fbfba14338761a9fd4b80454fb535c65452fd909ee9	True	147540	mp3	44100	2
ambient-pad-ix	mp3	3472529	4d2ffd8d84df063cdb46793b8869b0acc9e303ba8bd41d8316db03011799dafe	True	144600	mp3	48000	2
ambient-pad-v	mp3	7539125	7c9a1b674a8525b6cca90a5d834b6e31e21a358e523b099802acef45c87e8a93	True	314040	mp3	48000	2
ambient-pad-vi	mp3	7539125	a8ec0b1a2181b1dcb27603eba8fd90c20c6d397831abea499e4ba85a33504a5c	True	314040	mp3	48000	2
ambient-pad-vii	mp3	4298099	958e803d25716863fd53419f08d0026edeab0eb5f17b6ae967ffae4e475c69e4	True	179020	mp3	48000	2
ambient-pad-viii	mp3	3477713	28deaf0bb179a5511f3a7281722902c6ef1fc3f294d09cb64e73d39ed0db8667	True	144820	mp3	48000	2
ambient-pad-x	mp3	2577052	1982779763d2e1c75b9e4c5a2662dcb4181b251366c5b5208d678928eecc6b02	True	107280	mp3	44100	2
ambient-relax-background-one	ogg	1754942	b362bd0017400836b6dc4b4c581e7516c8e1e4bff1b97e1107e14ae00d02f751	True	62680	vorbis	44100	2
ambient-sunset-walk	ogg	1828550	1d230721e6200276065b913e44943d0e0503af88fc2dd793be1249738e06d98c	True	76800	vorbis	44100	2
ambient-voyager	ogg	6012641	f7d0bb45dfeb5eecea9826daa752dca632b40f0f9f925bfcebb458651434f2fa	True	235200	vorbis	44100	2
ambient-zero-point	ogg	5152610	75e3c3ec193956e5db4295f61a3bcec5852b4810f5b135fb9e04d98ca346704f	True	319040	vorbis	44100	2
andersen-etude	oga	2234607	d85632be31c31bff72f1190659196f0267df6c8b3f0b2cac62077b3db06ce83b	True	122100	vorbis	44100	2
atlantean-twilight	mp3	5579577	a3ad327aa9661d95ab701860e5583dac2a59b710af6d204316ff6043ee7205d3	True	171160	mp3	44100	2
bach-air	ogg	2758350	94b703db3b1485f1a8ddbca16f0536305ecde64f27e51e831479f673ca43b613	True	259899	vorbis	44100	2
bach-bwv147-chorale	ogg	3726571	a7c2671225a32088f41b0da7407a8743c6325f8fbaaa6e4f0b5e97d37b16707d	True	202270	vorbis	44100	2
bach-chaconne	ogg	17635982	339769c23d6849a8e4c39aa9155d67455176c2a4c115fa65162d2b9c2f01e2ca	True	750250	vorbis	44100	2
bach-goldberg-aria	ogg	7744763	b5f9cd0939b66b133b29e03a6d149dd23770bd53b8ccb0e306495024538422e2	True	287060	vorbis	44100	2
bach-goldberg-aria-cc0	ogg	3694619	6bef03ec30f9adabf5beb9fe07d50d7ee32538d8ea2b04da0c038dfe0de23356	True	228010	vorbis	44100	2
bach-goldberg-cc0-01	ogg	2037921	0e252c0312da06d6416d61012a1840612c156ee5e7d1ff5bd95d743da2b7643a	True	121430	vorbis	44100	2
bach-goldberg-cc0-02	ogg	1354178	d4214cdb421d79e452d09a0c50ba95719936b45fbb47343eac5e07f59ca5ddab	True	81180	vorbis	44100	2
bach-goldberg-cc0-03	ogg	2004011	e487ca3dd07838b672ea6ac8f5c99caa7a40a64ba86be5b07938bb297b4af700	True	121430	vorbis	44100	2
bach-goldberg-cc0-04	ogg	1009716	5c793df33ebf3ff5ac610b14571d4b66bd9201903b80b1215acecef563b09401	True	61730	vorbis	44100	2
bach-goldberg-cc0-05	ogg	2054458	76b3f78cb47b4ed8346d1962fd30fbe0df8c4c05a4a377de1411ab2f8e9adc3d	True	121430	vorbis	44100	2
bach-goldberg-cc0-06	ogg	1005822	09ae22d5de17261ccc097c11a3362d50e5bd089cc17aec03a865b1fe6afd2537	True	62040	vorbis	44100	2
bach-goldberg-cc0-07	ogg	2026185	cd7c15eda8a61d1332aa6d47b4a8cd55678a7a2eeb9caa1435ceeb1e0eb36e94	True	121430	vorbis	44100	2
bach-goldberg-cc0-08	ogg	2040160	ffc54a7a1fe7a077369676b3e0dff2eebfdf34761998c3ef10fc16dde312e89d	True	121430	vorbis	44100	2
bach-goldberg-cc0-09	ogg	1404977	ff36ee015b6837e3a0c5cae87e8ed959dd5d476d7e36d0f467e4a4228a9c46e1	True	83700	vorbis	44100	2
bach-goldberg-cc0-10	ogg	1331342	2fc8c1b6dcab04fdb9f8681c5c89a7e3242463ac5023bb7c9e736eb65d2acab4	True	81180	vorbis	44100	2
bach-goldberg-cc0-11	ogg	2058988	831785011df399bc326cbc282aa8ec229ef2772ef946cf9b34d253e0bb5d5fe6	True	120760	vorbis	44100	2
bach-goldberg-cc0-12	ogg	2153755	e025c4bc3e4c8054a5652c42711f2455d712563d2e7f2a0115560910da2e08df	True	128590	vorbis	44100	2
bach-goldberg-cc0-13	ogg	5203507	80f6aea790825e56435320a3a643a1f91be4323cdf5185a27ec4be56fe83c437	True	317620	vorbis	44100	2
bach-goldberg-cc0-14	ogg	2156486	df98cf9c390f289a3e5f225e6a29296f779aa9fc4198f0ea000181e54e3ad8e4	True	128259	vorbis	44100	2
bach-goldberg-cc0-15	ogg	4215843	873bbd7664a86b7d7e1aaf70fd73f3198f14b7a1677759abd30c15906d6d182e	True	253800	vorbis	44100	2
bach-goldberg-cc0-16	ogg	2719564	db66d42cf826198917f3f48477b0ffa231a417e3d7ab67c773db21c3ed526b36	True	165920	vorbis	44100	2
bach-goldberg-cc0-27	ogg	2025833	dad60dd4977dac0a50bfc02f0891aedcb5794d295fbc24064f26934539ca1d6f	True	120760	vorbis	44100	2
bach-goldberg-cc0-28	ogg	2111295	11e016cfd93c878f904fb6a37c325e47aa2dba3e60e459779b14ac3670e3a846	True	124550	vorbis	44100	2
bach-goldberg-cc0-29	ogg	2024788	7e5ac0eef4756709e650c59751f5ac4b264fa1b9361a76007aeaf273020a6658	True	121380	vorbis	44100	2
bach-goldberg-cc0-30	ogg	1383937	50bc5862a51832f4bc64dd6167992bac63d654e96bff190fee424d5472235ed6	True	83340	vorbis	44100	2
bach-goldberg-var8	ogg	3541955	8e988e8bceaffc095b2a7bf6a9deb7ba386319c02668ffe8a284b4bacf5a8456	True	176440	vorbis	44100	2
bach-partita-preludio	ogg	4469198	89bb66c50ad8f0b0f6a66ee528d1b5d5ec7c4430c23479d0b94cd8bfb9fc55fd	True	263000	vorbis	44100	2
bach-passacaglia-bwv582	ogg	6885972	ab7580734858853a3783133b59b676cb60559289dc5b8e336ca18432b3161a6d	True	719180	vorbis	48000	2
bach-sonata-adagio	ogg	3033928	397a1d18100a616dae22580e43fc71bcffe1cb0a0ec8040a631d6921e58df0ac	True	271030	vorbis	48000	2
bach-wtc-prelude	ogg	4237929	609caddf6604b482cdc5739bb7ea385c77156a498f953b241118b14e4fb34883	True	216690	vorbis	44100	2
background-music-one	ogg	668439	efee3b3bfc32463394da6e8a849813a1e54745117d381b144a20e588fbcf0126	True	136430	vorbis	16000	1
beats-disco-lounge	mp3	10220639	931877813688cff3b6bc2219a2a1992800b159a74fbf30365a03208f55eb1fab	True	253150	mp3	44100	2
beats-electro-cabello	mp3	7635233	f304151035c2647de56dbf1995dcc90f3c942c656edfe7516541e7b76e4044ef	True	190820	mp3	44100	2
beats-faster-does-it	mp3	7275665	752ce1d8573254888a370639de303af0ba091fa080b71e1d61a0cdf6efb760d8	True	181840	mp3	44100	2
beats-funkorama	mp3	8199078	6be229815d85a0b99382b944d31098b882702c04ac7ad899e44ab7f8ba89b5ad	True	201460	mp3	44100	2
beats-groove-grove	mp3	8232879	e47b9c1615ad8e759c19109f487f7c484dd0785d3a66499ecd240bc492ee33b5	True	205770	mp3	44100	2
beethoven-32-variations	ogg	12270034	d0c69eda90a3a6c78f60a9ece5fb143f1a8ba56ed784dd999026a16ec25e3701	True	728370	vorbis	44100	2
beethoven-cello-sonata-three-two	ogg	1719546	0ae67f9b8d8bd89d53bd9cd6d4543ce6b15ffae9f624bb68fe0bc89c70c3880a	True	209720	vorbis	44100	1
beethoven-concerto-largo	ogg	10560927	bc956b96570fa0ffb7ce153e89b44a62b7fccb7cfc2689bad651e5987cf2439a	True	593660	vorbis	44100	2
beethoven-diabelli-01-02	ogg	3029219	6f3c00c79f97ee66ccb49b273a0563198855c690ca886befacd03d7cbeea052f	True	165690	vorbis	44100	2
beethoven-diabelli-03-04	ogg	2603228	08bc516badee658cc0c0e55e3ad6e99765b6bdbca1728e7f31eff3444a2725c8	True	141890	vorbis	44100	2
beethoven-diabelli-05-07	ogg	4243379	7fe30b3db3d8c3ea3efa0b8400d9cd9c0516fb2c3843fca8136b63e14aa9ea32	True	228090	vorbis	44100	2
beethoven-diabelli-08-10	ogg	4210897	44c02d4eaaf04df7a1a66cb822f8d0a874d934639192f43dc6155d2bf51fe53f	True	230620	vorbis	44100	2
beethoven-diabelli-11-13	ogg	3212588	e7e8ba4e22f61bfd7013d3b60c2282c82d2021e73526fffaf682bdbb3e4caab4	True	174100	vorbis	44100	2
beethoven-diabelli-14	ogg	4517438	757f9c8c16a2567de8a4bb625cf9f65a076f907e754800e624a5ddbe5e672269	True	248400	vorbis	44100	2
beethoven-diabelli-15-17	ogg	2855607	d8c9e07582eff9becf347509bc674bad7df43c465c6c8906250e695f9eeb841d	True	151300	vorbis	44100	2
beethoven-diabelli-18-19	ogg	2756848	c57c19a3ca8bd418f4466acbedf8cb86d08927f2f3c1ee923c3fe7bdebc1c5e4	True	147600	vorbis	44100	2
beethoven-diabelli-20-23	ogg	6037956	72f8a141948e812d4990a51787e404ae3f19e8bbb429daa58b347c8d5b5d0455	True	336200	vorbis	44100	2
beethoven-diabelli-24	ogg	2850882	a309cb5cc02804ff4e2db38c5587958351b3d64f21757770dabff1d026b6c42a	True	160500	vorbis	44100	2
beethoven-diabelli-25-29	ogg	5450487	37c56cc5c336c9db2a77d0ec97e440c9dae08494fe4ffd6a78fb46c3238c5c1e	True	301900	vorbis	44100	2
beethoven-diabelli-30	ogg	2182665	0c63e9a9098134754dddce48624f911eee7f9151ccf7d680b6fd2bad958ba8a3	True	122200	vorbis	44100	2
beethoven-diabelli-31	ogg	5218075	bfaecdad3e580c9d29e0cab8ba6d3d678c633f2f9412b79ee026fca68cd3b582	True	298300	vorbis	44100	2
beethoven-diabelli-32	ogg	2726475	a2794f44077433569f64e67197d0ed053a5da38905ef36688fbc6865fbf08a9e	True	150600	vorbis	44100	2
beethoven-diabelli-33	ogg	4296622	e5518dc0b00e28f60493ebeaeb28b1df2d82458da6d661d6cf46a60e1c4c4ef5	True	244500	vorbis	44100	2
beethoven-diabelli-theme	ogg	1041744	196f0b2805f0c98ba3e3a058c43ed8d7a19cfa8fb3746a75ae9dcfcf3612377d	True	52910	vorbis	44100	2
beethoven-hammerklavier-adagio	ogg	25905884	6d77c75e8c5c225281e5fc07b1ad53ffc152e3d979a168f553aeab9a7a839451	True	1035099	vorbis	44100	2
beethoven-minuet	ogg	945117	8147dc55f9ac85bb742cc56f1a27ead6f6fe637eaf09c5d1d591f3b3ac45b8eb	True	143520	vorbis	22050	1
beethoven-nine-four	ogg	15691685	1af72034c2b5e1c8334023c0c24eebcc33c413ed14dc68c07d33490f7d0b744c	True	1407880	vorbis	44100	2
beethoven-nine-one	flac	72708686	a7d096863b272030e2f661402522121014747901326f8fd02d877f85d030a042	True	917000	flac	44100	2
beethoven-nine-three	flac	57455451	6abbcc66bcecbea9734f2f9e6305f84bb946bb1caf0334c3eb778e141035988e	True	898920	flac	44100	2
beethoven-nine-two	flac	50719279	90fbafc75c7238b456dce7bc66f6b3770246e86c7611ce69823c5d16bda763bd	True	685400	flac	44100	2
beethoven-quartet-six-adagio	flac	63109280	8b29c98e88aa54e518916dc8fed2ae2855a93c360b9818a34cecd4eb6300de12	True	421810	flac	48000	2
beethoven-quartet-six-malinconia	flac	74340097	2a30c535faf6df53eb2c9b427dd52dd4a8025351c847fb05a37c94a2af9b253e	True	492530	flac	48000	2
beethoven-sonata-28-one	ogg	4541660	f367c236b4e1bbbf1b93d2bb2697306a8dabd4aafc47589e70a5c69fd65fbf52	True	285520	vorbis	44100	2
beethoven-sonata-28-three	ogg	3665745	9b76bc6e0609b2e392e37aa93647728b705bb41085fa7913053b555ae0cdb916	True	229930	vorbis	44100	2
borodin-steppes	ogg	4731200	aea18473e0fdab570af658bf1f35bf121eca9a673e609a37753444db9b9ec5ef	True	458240	vorbis	48000	2
brahms-clarinet-quintet-adagio	ogg	17428419	76186bf65ba2908f3ebf93ff9d63fad56b624bf0cd78c7fc5549303311ec7c4e	True	706180	vorbis	44100	2
brahms-op116-four	ogg	3844958	9447aa17d48e203cc38501573ceafd71423f986fd3d8b74819a1b985a3a7eb5a	True	280080	vorbis	44100	2
brahms-op117-two	ogg	6056306	b702474800cf9cf6b76240c0ee43d4bcc436cfe69b7a9096b4a7ccde4155173d	True	349920	vorbis	44100	2
brahms-op118-two	ogg	6368628	b311f998b21df77cc9c88c3c422737014c84eb5c92c69ae0a7cf624189f4c60f	True	328050	vorbis	44100	2
calm-bgm	ogg	1252124	864a9445c6043d9adb7676c77dcb1069fa9ce53486d9fd6f808dfb37f1d5a147	True	78980	vorbis	44100	2
calm-fireplace-guitar	mp3	2474571	746079dea79033b587cd243739402338af02f2495c7f080a7cfad4c0d6cb453a	True	103080	mp3	44100	2
cello-bach-allemande	ogg	9286146	c0420fdf4426607035c0f71f78a9ca08c6d46be26aab17ca9ee5cf1e69599dd2	True	221630	vorbis	44100	2
cello-bach-allemande-john-michel	ogg	5052493	90b6616c3d53c1ee653e4648cc7d5ee85013624b55f6d350d90d10890dc710e5	True	259940	vorbis	44100	2
cello-bach-casals-prelude	ogg	6286846	07a927151e6870bd5892f59aad0459a95096acac92fa282ffceb65dd39eb4908	True	149730	vorbis	44100	2
cello-bach-cc0-prelude	ogg	8025732	1e50d9e513c37725e8d8f378787a87330b040505ec679f9e919b01f2f4eae25f	True	154710	vorbis	48000	2
cello-bach-gigue	ogg	4658650	4cf47292438cb69d62a0148aea0f0c1591ebafb347e7aa5a7a868a6f9c9ca402	True	113410	vorbis	44100	2
cello-bach-sarabande	ogg	6083909	a98a66383722a60129efa591b828617a9541307ccf5df82eb0c4605f8916cb87	True	143910	vorbis	44100	2
cello-debussy-beau-soir	ogg	3148438	9d2b9e2960ddbf20dafef6f3974aad4648e3c3faeb7732153c6acf60a7ab2ca0	True	159060	vorbis	44100	2
cello-faure-elegie	ogg	10821110	f4256bdccdc7d7ac0e547f571c6e8137b8de8cbdd604bada417a7cb89ab5ccc0	True	425670	vorbis	44100	2
cello-saint-saens-swan	ogg	1770120	a0237df829170b5c2dcb32b525eca1e325ef86695e3f085cf84aa32c6922ebb7	True	176210	vorbis	48000	2
cello-vivaldi-allegro-one	ogg	5342074	db2358974e9aff8c0932f547e7823afab9afaa663d917ac82fda88c2f29f1176	True	196490	vorbis	44100	2
cello-vivaldi-allegro-three	ogg	4743153	9ea7275cd3bc06fe5b2ea28e0cd7a000f152bc66f15ad24921a9dfbb085ec29c	True	159860	vorbis	44100	2
cello-vivaldi-largo	ogg	6983337	8f8fcabeeb71e819c362ecaf827d98f53e82945c1b97d480fef2cfe0aef781f5	True	237520	vorbis	44100	2
chill-beat	ogg	2021913	0ebeaac7ed3e8fab0beb2a707d7e2eb048d673583d32d9dccba9a2be9f8e075b	True	96180	vorbis	44100	2
chill-lofi	ogg	6486377	7ea7fd1b7c95ed1ca5f6ebb796626570137bcb75c7f2ea87b6c61212c7a86694	True	125150	vorbis	44100	2
chilled-lofi	mp3	5154228	49c6e8dfbbf0b786d7ea8235ad998c39e52ac05439b7b651b02252ab695f3183	True	128860	mp3	44100	2
chopin-allegro-concert	mp3	16282112	43d9939056b6a95666417a0c52798283f94c62ec1b24a0a5201602317ae3a4b1	True	760060	mp3	48000	2
chopin-ballade-three	mp3	10301440	f984f0438fba8d3afb99e975ef9aaac9b7d3fd8676e9306d1ad120d77a00ac8a	True	507070	mp3	48000	2
chopin-ballade-two	mp3	10072576	e5c7687a848274f8860ee4bd795408f5221ee7f4d53ac334a130cb8777c808aa	True	494740	mp3	48000	2
chopin-barcarolle	ogg	7996086	ec6af69a3717000cc983212ddc90826bacc784d6e92a674cc0ae0ca5f1b32076	True	482530	vorbis	44100	2
chopin-barcarolle-cc0	ogg	1601092	e4344ca7500e598d8624e4a871c0b4fa903ea7b2674a3b603b09ea47f06bc86b	True	32940	vorbis	48000	2
chopin-berceuse-pd	ogg	5052936	4fe734920ea60a84d38a73c77233f885f557488a47eccf53da1da7548a3caf12	True	290240	vorbis	44100	2
chopin-canon-f-minor	mp3	838144	3098e1008b099ddc2b01886a6f8b409b2005a6e39277a9a0ecc804838f3cf70d	True	43010	mp3	48000	2
chopin-concerto-quartet-one	ogg	23993506	167a95b5ed17dc561b6aa1af46f3fa548deaac7e61eb525c7f2bec97d0362d96	True	1175070	vorbis	44100	2
chopin-concerto-quartet-three	ogg	12853981	c18723d15ac4fb3e1a0ec80944680363ff11a4ed453f3aa9216db900735be0be	True	620090	vorbis	44100	2
chopin-concerto-quartet-two	ogg	11217071	be3996b30b5584a4e30c6a4374aba8954d85b88c426fe7753af84eb2b531d3f3	True	580060	vorbis	44100	2
chopin-etude-10-1	ogg	2370783	dd7756123ce634c72c89ddce95be9ca854fae133842dc1e3d952da1ccf5cb390	True	123790	vorbis	44100	2
chopin-fantaisie-op49	wav	2850860	5f68fa32ac38e9e1cd52967e27ddcba5fb5138a62ba725deb43b3cc68c270a16	True	16160	pcm_s16le	44100	2
chopin-mazurka-17-4	ogg	6396377	8f404d3a641cd10d5c27f7c9750e7eef68ff01032a0dc103cd3a9fdcd22a2362	True	334960	vorbis	44100	2
chopin-nocturne-55	ogg	6779436	7888da06046c3baa2eb7c7429cedd0a98810e61843b294fa046590db0b8065e7	True	356790	vorbis	44100	2
chopin-nocturne-62	ogg	9281143	12ed75275b74cd37c393265364bc405eb70ab93ee31028f048ded4d4a2f6447b	True	494070	vorbis	44100	2
choral-handel-glory	ogg	2330546	a73a9d11b63048d0515c28d5b0e48062d0ccbdce0a24db964381b22f18773fc7	True	157020	vorbis	44100	2
choral-handel-word	ogg	1139449	a7e3d3f5c2db3ec164014c8ef520e2b68f70f5cd50b560059bc2962f4668789b	True	77660	vorbis	44100	2
choral-pavane	ogg	5718196	9f0b14295d4c972a1046867d64e9d149bcf56e18f5ab5b5ced0b026299e1c9e5	True	137000	vorbis	48000	2
choral-racine	ogg	13337457	01de141c88556b1d1adb2cc3653f2e4926d31e7ddad6e43b302e809423fed6db	True	320110	vorbis	48000	2
choral-resonet-laudibus	ogg	1566945	2401c351a70d8a85d3c2d69242cd9b8a0cc5c01d8705849fd2b0e6e9c497726e	True	204980	vorbis	22050	2
choral-salve-regina	ogg	4812802	582721705a78aa6b2b0dc9860d8a4b0006f51402d75ce88777d329cbbaed9d5c	True	190090	vorbis	44100	2
choral-tollite	ogg	4930516	f42479eaf563e37556f6b524e4a183e0ade97d915710e891bec3b7aca2c7b85f	True	118490	vorbis	48000	2
choral-vivaldi-esurientes	ogg	4899531	dda73bfc91862ce3d6e42d88257c98ed9ac71eee5733bd509fcf707bfd49722e	True	100190	vorbis	44100	2
choral-vivaldi-gloria	ogg	6723488	0350db7334f5404642c8c18e82e6283f09685834bdc20880472ebedde576c603	True	133690	vorbis	44100	2
choral-vivaldi-misericordia	ogg	7504943	aeab313ef4c437770ead7bc05086818c8094ee00eda86d89ba379c9280d79520	True	150560	vorbis	44100	2
corelli-christmas-one	ogg	6696978	322bf01a4d997263f88ec0e9e907befb712a48c098f6a4c06f7326a50f0898c4	True	202910	vorbis	44100	2
corelli-christmas-two	ogg	11569087	d5e5c617cfcb9949c86ecce9be9f63f8f9e5bd05074bbb7f6e091a2fe602358f	True	411670	vorbis	44100	2
corelli-op6-no4-one	ogg	6182637	d9d555c196cdb2fff72be6ae43fd8462e8c629bdebcd96fbe800a0b15881aef0	True	205110	vorbis	44100	2
couperin-barricades	ogg	2906926	95544bb28c687f0f34f7d2bcd87b9547fbf14327b98526c4359d2d41148451b8	True	145870	vorbis	44100	2
debussy-arabesque-one-prati	ogg	15597859	638ab598da6ea26409294abf00d894e9416b8ab113aa8329b4d74c6c44037a47	True	292990	vorbis	48000	2
debussy-arabesque-two	ogg	12851992	4e3c6bc8347ead3f677e329efbd4313c1f8d754f047c85e78970d98ad7df44f6	True	240070	vorbis	48000	2
debussy-clair-brass	mp3	3945327	f177f9809840b06315c641aca4225fbc48d1fe0e9912232365fd687c2a24dda7	True	242090	mp3	44100	2
debussy-clair-de-lune-goedhart	ogg	15740765	2f7a1e833f4e2408d9d1b893131863d790ba75cd5fbcf81292dc5ed6f25918fe	True	304090	vorbis	44100	2
debussy-doctor-gradus	wav	22282284	66c7c6eb4b73ce467a5f7c266ac39abc232b927aec518395bb7ad79376f2f7c1	True	126320	pcm_s16le	44100	2
debussy-sketchbook	ogg	14762180	0f4510ce4300fa67373044605d748960a7835c4009c2b4b9520ad8418503d07d	True	276300	vorbis	48000	2
debussy-syrinx	ogg	3679570	1f6dc51cd7a094d1c25f9df68a8f293fbde711804b55590047a131f6a0efba31	True	146190	vorbis	44100	2
dream-culture	mp3	8576659	f12cbb52bd4b92bd6cf8a343645567c119627e9cbf98108a3eb6ac2cc275ee46	True	214360	mp3	44100	2
dvorak-larghetto	ogg	11638603	c31c59ceb85632e78a69307b08bac8f5e2f7d48d1dd76ee6f93b311f28370ce4	True	343390	vorbis	44100	2
dvorak-new-world-largo	ogg	14538509	ba3a97a55babe67965fc19d5227ed9e1a5ede5c73ec31d0feeaf274c448eedd6	True	694460	vorbis	48000	2
electronic-piano	ogg	4404656	acebbba390ed530b87151d1bf53a16924f783d77232e0f4d1401730b62310572	True	77420	vorbis	44100	2
emotional-piano	ogg	3083809	78fd14ad3cb28e9f9f608f15efa1eeaceefde2f045db189b8d18d971d3f22c58	True	76800	vorbis	44100	2
end-of-hope	mp3	7315436	c5c9a612ff8650b62b4be6c9276263b7c21ec4bcf6f28d1ba73d0b29034ae12a	True	182890	mp3	44100	2
erhu-erquan	ogg	2986495	7e80091253b3fba7a9a5fca3bddbab6727c419e8ec016d2d8d18602301f704ac	True	268140	vorbis	96000	1
erhu-river	ogg	3764321	ad5d178c66dceac6ae259bcd4e31af40472f016600984bb5f6eb1d3bb4c2dcd8	True	301960	vorbis	96000	1
exploration	mp3	5070109	87da190e7da3aa628235b11afccb6a1b25d73e65057b8616b6ff2332799de907	True	211250	mp3	44100	2
fairies-talking	ogg	674825	309ad4dce53f52293bb054396e747ac775deda194564931b0444ec87106ed3fc	True	110039	vorbis	44100	2
faure-berceuse-op56	ogg	2085710	0f03a7bcd856c01a4534ac8b82b9b512df6bea5b6679c089e9f20786fc240235	True	214620	vorbis	44100	2
faure-elegie	ogg	10821110	f4256bdccdc7d7ac0e547f571c6e8137b8de8cbdd604bada417a7cb89ab5ccc0	True	425670	vorbis	44100	2
game-bgm	ogg	3997545	1b18c8e9af32cf05efbda0d40d22c822dad328b370d8bfcd70059e560d98cd40	True	237200	vorbis	44100	2
gaohu-linked-buckles	ogg	3084323	7d039d8a9b720237e900ba1c6c244ba307eb0af5ae78b9e9b78d795410010a0d	True	225420	vorbis	96000	1
gaohu-rain-banana	ogg	3413542	63d4a70bf7f56b06d4c3c800b8c1fe5c974d6a320209b2d4a8d793b919f51b46	True	254560	vorbis	96000	1
glazunov-menestrel	ogg	4198169	2e26d733bfffbd489b1c2447a3780ca908ffe0c6d790f9fb47a7c465fc7f6fab	True	232030	vorbis	48000	2
grieg-piano-concerto-adagio	ogg	6913372	7f96d1d15f77b9078bf3ef1f0aac37c6b53972bb3b1e59a9f9aab3d7c28c090f	True	381170	vorbis	48000	2
guitar-anonymous-romance	ogg	3937515	d85885d97a04f6b85eae032b93f20b941470d7356ee869c7a90175b5ea43f3b8	True	167160	vorbis	44100	2
guitar-el-noi	ogg	3756409	71d69f132846a8470db88554b7a6e6665b8f53675911d0c5264e56cfc6a73b07	True	132660	vorbis	44100	1
guitar-pachelbel-canon	ogg	2264836	a0898ca3ab01f54e4ea7f798adee48ca88fad34dcd2d4d577e65868a050e3ae4	True	201060	vorbis	44100	2
guitar-solo	ogg	558882	d6ff6cafd3025db2e2215b32e3e7e6411fa08a8d2e0fca7c3353b5a4a82523a5	True	42000	vorbis	44100	2
guitar-sor-op31-1	ogg	4299100	c29382bd4dcd109c0cf2e1a6d287100ee3f63f5b79ed4cae4016b8b30a952662	True	81180	vorbis	96000	1
guitar-tarrega-gran-vals	ogg	5166199	4aaf0b14d7aa79f5e11500217ab3272997c8aff89dfb5695565b1356dfb846ec	True	182320	vorbis	44100	2
guqin-yangguan-sandie	ogg	5390794	a8ba709b4f2642a9acb6db355896657bf03cbd441832828d84a8477198188d4d	True	350090	vorbis	44100	2
guqin-zuiyu-changwan	ogg	4412744	047c95538c2b37c6bcc4f771b9a804981dff408b56b19b6800fd78154f4bb7d0	True	286960	vorbis	44100	2
handel-fitzwilliam-three	ogg	13479256	85793164d689f7d5576f654f30cb4e4952a2ed56b4c5e953e99bd834e1168dfa	True	666290	vorbis	44100	2
harp-meadow-thoughts	ogg	2396007	9c55cfadb5acca6ef9ca81bf89d343b13f2b09984d45ae520cf877f1f9ad4404	True	149740	vorbis	44100	2
haydn-lark-one	ogg	3674746	b355d0857ba7ef6f235fbac9b758c4978a7e99ea8f0feacdedf2cddd876bf7dc	True	371670	vorbis	48000	2
haydn-lark-three	ogg	2203460	f1d11420a169ce2802510a110fa0b6d03c047beec4292fa4c8a204ea8b4dfd78	True	226620	vorbis	48000	2
incompetech-starry	mp3	8055149	2556b917bc6dd030ab2f300ff581cd2d3182e9254cd41ece67d34d5560ca95ab	True	198500	mp3	44100	2
indieteur-revelation	mp3	3395007	b6111a64fa948e76b01d08fc5de53177885a8d8db0dea65330946760892feb43	True	84850	mp3	44100	2
into-stars	ogg	98076	8ae933cfc8f81cc5b2f5b545eff07f41e56e6768f32c23ef79951892c25b61df	True	17040	vorbis	44100	2
jazz-avant	mp3	1752502	3aa42a82d81af252db50d9b128a27b758d4454bebcab0c9ea05ea2563b654083	True	41450	mp3	48000	2
jazz-brunch	mp3	10341722	9e980a5a5ff7663d7f5ac22209190f34f1df465c5a6b588dd2c0bcbfc217e380	True	323110	mp3	44100	2
jazz-dont-care-blues	ogg	1789843	5e42f06c8820739e725464362619391bd1a4fb785409ad63567c21427a6ab746	True	192240	vorbis	44100	2
jazz-memphis-blues	mp3	7233645	93ec2768eed7ee82ec7837ef8e3ce7ef44b8736426bb6904c3c2b7a2363119ae	True	180820	mp3	48000	1
jazz-park	ogg	2088081	33ab712df360103bfc7b70b3626d4a1e7dc4a925319e69ee6534cf1977ef77db	True	205720	vorbis	48000	1
jazz-samba	mp3	6070802	d993cbee80bba09af9c0b7eb92df80729ac68940059c6844f60e7f33f25c5bb1	True	248530	mp3	44100	2
jazz-simple	ogg	1369162	97f967ff80cc68befdd3b8b195e18219e740cf7036ce8d38d9196765f4e59592	True	72000	vorbis	44100	2
joth-contemplation	mp3	2405271	283962d3a975c93613c46cda30c9f0816176ae3e2899f961591a49e2d41b4bf3	True	120060	mp3	44100	2
just-as-soon	mp3	8307097	12018b3314e61df5df9f078f9b5415f55b7d553520641eaaa202ee6ae98ba5f6	True	228130	mp3	44100	2
kumasi-groove	mp3	8440244	93c14465db03b6d8b8da4282a9252d739463963d32c30fd21357fbad28c26250	True	222640	mp3	44100	2
lofi-again	ogg	2419417	d3b3410a186d45dadbcf87a8072b5a7f3b3f5a11fe38d9a7e9bdb3f66d5d86fa	True	87810	vorbis	44100	1
lofi-caden-currie	mp3	1411447	970ad6e607231cd0b86fc98e534daf3909d45fefca95b143b78e03b8d953013c	True	88190	mp3	44100	2
lofi-de	ogg	17617	b77045a9cb266ab078de8143d0b053d91bc4c68ae8efdb31ce962fa17b67e8e9	True	1790	vorbis	44100	1
lofi-hiphop	ogg	1532926	8641e8203d0e7dc06db0276b69fc15f59e9f45faf76d2d647bc076a3339c1ef1	True	150130	vorbis	44100	1
lofi-music-001	wav	43964336	6b0d6ed343c73ccd8d1adbc93643e7c53438fbf2942b20d72f4fdc5051bc1cfa	True	166150	pcm_s24le	44100	2
lofi-perspective	ogg	2817261	35b2557f2f0ea17d046960d204c6ad04e859b518b9fe7f02c91e9b68215b0825	True	137280	vorbis	44100	2
lofi-upbeat-raspberry	ogg	2907813	a0a38ef1990bf98f82bc1d915440b951e0dce327ee8a2efd49562557a3c390c3	True	133550	vorbis	44100	2
lyrics-auld-lang-syne	ogg	1943425	0d277de969ce02959923ec32fd94897a6791cf183fd954198d5e02166e36fb04	True	141550	vorbis	44100	2
lyrics-debussy-ariettes-four	ogg	6246864	5dee2281e7e9a15150fd9c5ee813983f5f46daa873a21c9fc37e07e1dee50733	True	193180	vorbis	44100	2
lyrics-debussy-ariettes-two	ogg	5037698	d0c9e29ccee698dea830f3e3b7ac4fea7b8268e32ddad378d92bd3e42e9ead6e	True	155800	vorbis	44100	2
lyrics-frankie-johnny	ogg	686626	42c595a61087df89d30857bd8069006f4e165d73e0dc49c62b90d212403bcc75	True	106030	vorbis	22050	2
lyrics-kentucky-home	ogg	1359436	c042440c665514a47b3483e6fb1c512bb76b620231bd5020f5a5cb4b707df7b9	True	110340	vorbis	44100	2
lyrics-mozart-luise	ogg	1682793	d6abb902f2e43419b8f68d28f823dcd11a76ef374c02a564d4f66f544d0a7661	True	95320	vorbis	44100	2
lyrics-mozart-violet	ogg	389419	2f7b6c238b6028723c6f0f118cb4410d18ab42db5fb6607ca07dcf78ec9f6cd2	True	30000	vorbis	44100	2
lyrics-old-black-joe	ogg	24371181	cad46b814e9cefebcac12f41a5d5d7074cd176d298e8cb3b8da7a30bc0799a4d	True	217660	vorbis	192000	2
lyrics-old-folks	ogg	3793472	830f8f228a9d0afd785ce19f8917110d0da4dd3b5ecdc7f1f9a6ac30ca306918	True	241950	vorbis	48000	2
lyrics-perfect-day	ogg	1116270	1c6da3388654291b5790345e17b4a819e175ae15a9f5175fdfe7cb8ea591e0bf	True	165750	vorbis	44100	2
meditation-impromptu-one	mp3	7042622	ac1332a12fe020cbeee206c7f33a82e29109d5ce63636e3302454e3bdfc36187	True	212820	mp3	44100	2
meditation-impromptu-three	mp3	8423717	91a74559a209eeeb6c8057bd3403218a39563b6b148a015d7d3c2c8204d595c8	True	255240	mp3	44100	2
meditation-impromptu-two	mp3	8261798	4e7ead76cfdda0979ff7d771fbbc3dbb312ca80ce25b78f3cdcaef07fcc7c2da	True	249100	mp3	44100	2
mendelssohn-nocturne	ogg	8022589	d72ebd40761d93dcd6ae40249f2d662655496a4af191e4c0661f2c6933888459	True	314050	vorbis	44100	2
mendelssohn-scottish-adagio	ogg	6257715	d0e525481f773fd6478c7e3f09c5d760348a7fd22a2ba425a7ce313f20ed6035	True	571950	vorbis	48000	2
mendelssohn-venetian-gondola-30-6	ogg	3342218	98f975197dd911b7c9d1800115866d1bef87efc3e54f7493b6f66ede6fd3e844	True	185810	vorbis	44100	2
modern-piano-almost-f	mp3	78644096	9c35f03fd6a747baed3f6a7e0a39fe43483f174ad80aaad73cc18e8472c50641	True	1962060	mp3	44100	2
modern-piano-at-rest	mp3	8264831	ec30f84d2acd6ddaefbb16246b050ba89e26e7396a2d48d7e0d0eccaff51f141	True	206570	mp3	48000	2
modern-piano-clean-soul	mp3	12271405	458868c225cf8f6dbaf17300aa2e0839386991be8581d0218554699297d7581c	True	306730	mp3	44100	2
mozart-clarinet-adagio	ogg	5617366	319f01b02cedc0989098775c248985aae381cb7aa269535deaae387d0a2e4d1d	True	435300	vorbis	44100	2
mozart-divertimento-113-three	oga	2023064	433bc62d63b4c06b09451f0300a09ad59695aa4daf586db2124eaa18548cdd99	True	106880	vorbis	48000	2
mozart-divertimento-113-two	oga	3660540	33f4863735ddd1018032a37dca7ee666941310751fdc63d80138ea46c347ed84	True	197910	vorbis	48000	2
mozart-flute-harp-allegro	ogg	35912829	6ee065591d74ede808959735cf8e81f171755a3a4d7afeaf503738b7a6d629f6	True	728490	vorbis	44100	2
mozart-flute-harp-andantino	ogg	28988135	e3c224db6682ba2329aa8bbfc362887b2f7d68bdb44749ed82d1fb1854891c48	True	579250	vorbis	44100	2
mozart-flute-harp-rondeau	ogg	36074673	e6a646e5d0b43c1600ce04497fa59a47988a6a9697671fc0aa8dae1b938318bf	True	722430	vorbis	44100	2
mozart-flute-k313	ogg	10718019	59bf3b59eff97be839f94511f0738c533a8d567873af284d8a2672d25a278d2f	True	644020	vorbis	44100	2
mozart-k421-andante-musopen	flac	45814596	944b6a75f252b60d1054d81df4bbb535660b817ff956e39465834c661385b996	True	315210	flac	48000	2
mozart-k421-four	ogg	9634121	2b781533a17f8390cadcdf458eae3da331ce6f932cf061b89b6df11ddb7666aa	True	505790	vorbis	44100	2
mozart-k421-one	ogg	9892162	8e271c205ee37dda22eda3f33f0bbe0eda52c522f1b96c7cde99ca4d4661501b	True	528090	vorbis	44100	2
mozart-k421-three	flac	23817115	f3ae97ff96566eb99f8f26c0d1ebdc421533622ff23700e36c268f67a8ea1387	True	253590	flac	44100	2
mozart-k421-two	flac	47104810	472ada51d29e345f3edde33b0acd8e4bd75fcfdbee8928d983820e5b28819392	True	255320	flac	44100	2
mozart-k465-adagio-allegro	flac	83398705	4e1cddda40b6a609d62a648680973ab1fb7e5d29d18b895be0a28aa63c4f22ed	True	513150	flac	48000	2
mozart-rondo-k511	ogg	123655	ed6c74e683eb712dd227ea620aef3c5e942a114b7b79889e36413ab97231ac5f	True	6050	vorbis	44100	2
night-docks-trumpet	mp3	5967513	0a02d88431244f60ff3962edbc3b5cc333ee887ec84a44146ff335c1fdcb1bd3	True	174079	mp3	44100	2
not-that-east	ogg	884318	61df92c237baffb16631996ef36bc047d3c45c3e26d6578cabd413c7d341e183	True	48000	vorbis	44100	2
cc0-blue-intermission	ogg	2711398	0421af57dff8b3bb81d0d05dd8a085bea9f93a07db219afd769678dc6dbc2627	True	236800	vorbis	48000	2
cc0-catchy-swing	ogg	1069084	99d24d0b0cf7c4555615236e1d3715b6d5f64e4968137e264fa85723011b198d	True	60000	vorbis	48000	2
cc0-etirwer	ogg	1931614	27e3de6b94173de7691e4c82e3f065f1386817a05d6b82445cd2e375eaab0bec	True	130300	vorbis	48000	2
cc0-frets	ogg	4532043	4d3e8716211911a3a6b0c81c8acb6a91e1cf130de10f9144aeb5466cba72db07	True	226100	vorbis	48000	2
cc0-fusion-jazz	ogg	4106062	6e1d753ac24ae63a86aa04d8fced64b12feaff358d40f867e9b7b170af8a32ed	True	246400	vorbis	48000	2
cc0-jazzy-blues	ogg	892608	0e696032128298686b0f162839dd29e71f6885a9b1559618b5511d7fc7c73d06	True	52600	vorbis	48000	2
cc0-middle-nowhere-remix	ogg	3036323	21d3efdf80fc4e8789d9a06a37f1a620082082d8e85c808b78d8c977cc4caa6e	True	171600	vorbis	48000	2
cc0-one-step	ogg	3092067	8a0d757720fba3208c26f912d25a88861617361efa6cdce30ff833f52968afaa	True	154600	vorbis	48000	2
cc0-serenade-guitar	ogg	2625128	d410d3ea1ae5b0b246eaf270701dd8562d53c07d98e1abca587a92cc619f193c	True	129400	vorbis	48000	2
cc0-sunset-plains	ogg	5406562	6a80daab5f1a584cd846eb6140f0d4ada11d02ddf586649734ad85edc2f040d1	True	329700	vorbis	48000	2
organ-bach-526-one	mp3	7352809	bcc43de3c387a9782cff4295cd89d0b3246ab36463e19bf0e73907bf46c4f2ac	True	237820	mp3	44100	2
organ-bach-529-one	mp3	9727057	f62330a7ecb30c6c89658da94a8e528d6994fe14d114a03ab5471bd1a146a8ad	True	335990	mp3	44100	2
organ-bach-543-fugue	mp3	11806181	fa1c7091e49ecacbdb7da05bcaae41de35f6b739e81e1027d6a6b2dcf43694dd	True	384240	mp3	44100	2
organ-bach-543-prelude	mp3	5932890	3d5b176935b514a9bb462122ed8a321b88d7fc92d7c5550d8d9ed5923b947d2a	True	197670	mp3	44100	2
organ-buxtehude-toccata	ogg	8807896	55eb30f65d396b8e590416fc9dffb6237d40c42261eade3c4c075962be772983	True	453530	vorbis	48000	2
organ-pachelbel-chorale	ogg	4475585	2d79def270a35403fb03755d7c7c716572965fa548c9bf91318b131a1c3642c0	True	222290	vorbis	44100	2
organ-pachelbel-ciacona	ogg	8634042	0badca1e183bd1bcb2a81672cdf8b947552a3c82083d6ee05fa11364a4abf3c1	True	444930	vorbis	44100	2
organ-pachelbel-fugue-13	ogg	1351672	48da362c207d4bb21dc6e685c78171c4b1cbbf738128a504fc6cb51a021b20a1	True	83120	vorbis	44100	2
organ-pachelbel-toccata-e	ogg	2156163	1dc4c09b3d3c24892950c328921ed78d091e660470c00cd5d08993b749d59b94	True	99630	vorbis	44100	2
organ-pachelbel-toccata-f	ogg	2863132	ec71bb0e1084ee4ef1757baac7f9a55b5896027aa61e826e1f2f43d9cff4b8d0	True	144770	vorbis	44100	2
pachelbel-canon-kevin-macleod	ogg	5592927	e69936e8cdb1b3e115e4d6a0501b03b732dcf55619b427e9813336200969afb0	True	355630	vorbis	44100	2
pachelbel-canon-piano-galloway	ogg	3825619	dbde7ed591f33e3dcfc941bce6494ec74b523a955d8c7342224290801e68d195	True	171079	vorbis	44100	2
purcell-abdelazer-suite	ogg	25865093	ca1a2fdf42660ea1c5d1e49e5dc7788dab0966b224e7600a62928903c36d9ca6	True	1022470	vorbis	44100	2
rameau-gavotte-doubles	flac	30736119	873d7dd4193c4073ca5a6d28f73b5907c0fece829012e216e3da5d59698877cf	True	407140	flac	44100	2
ravel-pavane-pd	ogg	3702044	a3cecb1ae5d5d1f95511f9e24e2b39f32811c5c2295cd89c3b8bb90cca52b06b	True	269770	vorbis	44100	2
respighi-intermezzo-serenata	ogg	1711725	ae5ff974a39fb8954e76873b15a780e016d21b20a793ed3ec6eb1a5c37b21417	True	145890	vorbis	44100	2
rhapsody-blue	ogg	25748734	2d5396ee73c9bf337fbd652e558c99c44ad8f36e204df5e8758938a4b8955645	True	953780	vorbis	44100	2
saint-saens-swan	ogg	1770120	a0237df829170b5c2dcb32b525eca1e325ef86695e3f085cf84aa32c6922ebb7	True	176210	vorbis	48000	2
satie-gymnopedie-one-macleod	mp3	7487656	8cba6bb3da51066ad39520ec218a327bb6222d8fb32bc52f28a1e90b67756f70	True	187090	mp3	44100	2
scarlatti-k159	ogg	2603735	835cf2229bb6517569d22bd2f594e43b89fd50fd7cb45e44eff12ea8b56023b7	True	141440	vorbis	44100	2
scarlatti-k466	ogg	4803250	fc1e309d62c85e181c32a0d7e936fb99c5f8e190938dfb6b2919d288aef1d4e8	True	199770	vorbis	44100	2
schubert-impromptu-d935-three	ogg	11956251	ad5c2a41064bc5ac3eba25b1c47fcb247e9b5d531777401b3e089244a4631a1c	True	735820	vorbis	44100	2
schumann-kinderszenen-one	ogg	1688427	c8eab1bc240b5ec5cd5c338c2e628c7849775963aa0986d9fa01fc4a6b18d469	True	111880	vorbis	44100	2
schumann-kinderszenen-seven	ogg	2892811	bf04d6906d50f399ec62b7cf8650fe0414d684446d6a0ae2053a416d6515deb5	True	203000	vorbis	44100	2
schumann-kinderszenen-ten	ogg	1726776	2604c079a78387f5d0bbd43f53ebdf56c2b13d7b838490d6baf8b03c0e003cfa	True	117420	vorbis	44100	2
scriabin-prelude-67-1	ogg	1962358	8151a52299770202a1b4d001837808529d4e6c49c78786feac1bda3d4519587b	True	117289	vorbis	44100	2
small-fire-guitar-loop	wav	16934546	1cb42057e724224d6047f651b95598f5c094caaaba47f6430dd5d540c09c4414	True	64000	pcm_s24le	44100	2
smetana-moldau	ogg	14631020	6ab588f40811664fc5fbfdf42ef7b57cc8c5f3005a0e2c2979585795c11fe6ab	True	890700	vorbis	44100	2
solo-piano-four	ogg	1158279	d01447031ab85747d76a9492895cc1121fb8cac2fc0b38fe3f6c8d1c2110feb0	True	198800	vorbis	16000	2
synth-hiphop	ogg	8987157	0a85df3432989ac391808580c5bc22af28f956bf7c365bf5b963d79cd02ac457	True	375000	vorbis	44100	2
tchaikovsky-seasons-april	ogg	2403225	f756593f996518c0ebbe7d6b7e28cc4f4e276e5c517f5cbe0a14fe5bfb2ba959	True	128940	vorbis	44100	2
tchaikovsky-seasons-august	ogg	3641988	96df546f68ab8abc44c160c995e68ca0091edf75a8e1f8e0443d62682388d2e1	True	191950	vorbis	44100	2
tchaikovsky-seasons-december	ogg	4594405	ff26bd1d26ad74aee76d53638868183090deff6245774b76082d139ce8fdd859	True	240030	vorbis	44100	2
tchaikovsky-seasons-february	ogg	3162007	a3a42e5e8ca0550fbbea9c01250de4611fc8e24be78845892a54c4abc43b5499	True	163540	vorbis	44100	2
tchaikovsky-seasons-january	ogg	5285787	1abdb825ec8b6773a97ffa58fe4a7f18bb7ad0960c34d743eab9ff949bacda25	True	280790	vorbis	44100	2
tchaikovsky-seasons-july	ogg	2139923	018c3962b2b756f79aef7118fe28de064305ee134a5efcca9872a4796a2d7a91	True	113060	vorbis	44100	2
tchaikovsky-seasons-june	ogg	4415625	9f8f31219013e8488a457008078d717ee70b1d4012281c7988959e0d2011e948	True	231350	vorbis	44100	2
tchaikovsky-seasons-march	ogg	2607025	0c659e41adca3f9e4f34c04714cb6b474ddd469bba254fc0ed4807814a9ada7a	True	134830	vorbis	44100	2
tchaikovsky-seasons-may	ogg	3631357	d66a375d2838d1b155c7b1c65f93f2273e99d49f03dae323ae13db52608cb9eb	True	193730	vorbis	44100	2
tchaikovsky-seasons-november	ogg	3353954	7ef49a311b9d37925c9f598d058661697809f3816183c61e309f07512a53e3a9	True	176970	vorbis	44100	2
tchaikovsky-seasons-october	ogg	3560769	018c84e00d23d85a8a852392bd43234574f7622a94b0f8bd599824e1f4e08bca	True	186470	vorbis	44100	2
tchaikovsky-seasons-september	ogg	3208540	96f473f9440623f1afa99337be802d8fde928748dd9841e6a0dab759c0c7a96d	True	166420	vorbis	44100	2
tiny-movement	mp3	2065946	ca348f3462edda77207e8abceee5171fc3ff52a99292674fdb02fca4eb6bd431	True	129120	mp3	44100	2
vivaldi-double-one	ogg	6258533	7f7fcae1a257c679c08ac56a0afb502e6b45524215a6fcfb4176b8e94c3ab02f	True	236730	vorbis	44100	2
vivaldi-double-three	ogg	4111760	6e14b371d376c7a3076957e88357b3c3a041d64f1309afba5d3485dcf100d7c4	True	146380	vorbis	44100	2
vivaldi-double-two	ogg	3682846	ea068ae79ae614b7aff1f51d409acc5257553856a7c17bebb5d7782764e5cb52	True	134240	vorbis	44100	2
vivaldi-notte-four	ogg	789139	c8c98afabb16893d38e1f13562496ca08f80a843bce0dedfe3fabb14c47940f4	True	57290	vorbis	44100	2
vivaldi-notte-one	ogg	953504	5c852a61f813c624c0083dac24f6539698f0ee9a09ba33a2eed9292d0611d9a8	True	70600	vorbis	44100	2
vivaldi-notte-three	ogg	624021	1bf8b217da6bccc9582935f09ab1816302b0eb38f488f955caf579cb96884898	True	45170	vorbis	44100	2
vivaldi-notte-two	ogg	656638	2614f876e211e22c155ade3c8232afc07e7234ea028d6d3c1ba13349ecf36b59	True	46680	vorbis	44100	2
vivaldi-recorder-three	ogg	2722779	e48f3ae3d4fe7854c18059ebbbfeb3da025d777258bc25a68fa43a449e0a7323	True	201600	vorbis	44100	2
vivaldi-recorder-two	ogg	996067	0489453cd00e357310b758a52e1d2ba09dbb13378a4e13544a45599c6c873b19	True	83720	vorbis	44100	2
vivaldi-winter-allegro	ogg	3653114	60d2fa4fa225fdbf73859bea257f7375926860d0116b0c0e0aa9c3026d540585	True	193000	vorbis	44100	2
vivaldi-winter-largo	ogg	2544381	864cc8659495369ede90be6e82966a88419450c81853ce7e096c6727e6b75907	True	132330	vorbis	44100	2
weber-grand-duo-andante	ogg	9700637	4fdccb8eadf25e32126ab220b0f8f2cc0e4dc2792853c1da7076055840b789c0	True	383070	vorbis	44100	2
white-lotus	mp3	82867838	9d66f2eb0113397f9d9aeb6c8f385a82503aeaf8fa84c7ec9fc568189307294a	True	2071639	mp3	44100	2
yd-searching	ogg	2113188	add2ee7931fd0c53f2804220e7355b10b38dbf5ab2b4dfdd415b61d8e14e51c8	True	104580	vorbis	44100	2
yoiyami-deep-blue	wav	45112360	613d462f5229568ad98dcbe870036ccdf858f5ae33c63386cace86548809cb60	True	234960	pcm_s16le	48000	2
yoiyami-first-light	wav	25290280	f0538a1a67450cc1d5e305fad5bc0d5d422ad809f720d695ab356e55fbe40fc5	True	131720	pcm_s16le	48000	2
zither-strauss-woods	ogg	827820	52bf310622427b82f571da414dfc06778f51cc6ab43c25ec94b344ae407e68f9	True	64050	vorbis	44100	1
